event_id,event_hash,source,source_id,amount,currency,status,confirmation_date,reconciliation_key,payout_batch_id,notes,metadata,id,created_date,updated_date,created_by_id,created_by,is_sample
PURCHASE_1767787338773,sha256_younesdgc@gmail.com_47_1767787338773,course_sale,ai-prompt-engineering,47,USD,paid_out,2026-06-17,rec_ce4c83e4a48c392e,PB_AUTO_20260617_105407,Auto-settled via settlement engine. Gross=$47.00 Fee=$0.00 Net=$47.00,"{""course_name"": ""AI Prompt Engineering Masterclass"", ""customer_email"": ""younesdgc@gmail.com"", ""coupon_code"": ""CERT72"", ""timestamp"": ""2026-01-07T12:02:18.773Z"", ""settlement"": {""gross"": 47.0, ""fee"": 0.0, ""net"": 47.0, ""fee_pct"": 0, ""settled_at"": ""2026-06-17T09:54:07.431886+00:00""}}",695e4aa7992b25e5c1b4adde,2026-01-07T11:59:35.430000,2026-06-17T09:54:07.431981+00:00,6888ac155ebf84dd9855ea99,younesdgc@gmail.com,false
PURCHASE_1767787277226,sha256_younestsouli2019@gmail.com_32_1767787277226,course_sale,foundational-self-reliance,32,USD,paid_out,2026-06-17,rec_ea6c0d68cc107997,PB_AUTO_20260617_105407,Auto-settled via settlement engine. Gross=$32.00 Fee=$0.00 Net=$32.00,"{""course_name"": ""Foundational Self-Reliance Course"", ""customer_email"": ""younestsouli2019@gmail.com"", ""coupon_code"": ""CERT72"", ""timestamp"": ""2026-01-07T12:01:17.226Z"", ""settlement"": {""gross"": 32.0, ""fee"": 0.0, ""net"": 32.0, ""fee_pct"": 0, ""settled_at"": ""2026-06-17T09:54:07.432166+00:00""}}",695e4a6a0355543afe599955,2026-01-07T11:58:34.446000,2026-06-17T09:54:07.432226+00:00,6888ac155ebf84dd9855ea99,younesdgc@gmail.com,false
SWARM_EXEC_1767501886827_f2bddbee,097801778e927f2ddbf3a9ae5c2e4028160b9559ebe49528e99f9e05738ccefe,swarm_commerce_v1,,142.22,USD,paid_out,2026-06-17,rec_9fac9a52bcf9df1f,PB_AUTO_20260617_105407,Auto-settled via settlement engine. Gross=$142.22 Fee=$2.84 Net=$139.38,"{""product_name"": ""Monogram Ceramic Coffee Mug"", ""market_score"": 0.787851232195237, ""execution_mode"": ""WET_RUN_REALITY"", ""notes"": ""Autonomous revenue generation executed by SwarmRunner."", ""unit_economics"": {""rail"": ""payoneer"", ""net_profit"": 115.7978, ""margin"": 0.8142160033750527}, ""settlement"": {""gross"": 142.22, ""fee"": 2.84, ""net"": 139.38, ""fee_pct"": 0.02, ""settled_at"": ""2026-06-17T09:54:07.432371+00:00""}}",6959ef9da0babf9b0bcf599c,2026-01-04T04:42:05.259000,2026-06-17T09:54:07.432431+00:00,anonymous,anonymous,false
68bbde98768731d1ecd410c1,5c095111434b2a15024c5d42ba8c6fa33af838015c1d4fb5c9aa2296441cd4f6,Multiple,,1680,USD,paid_out,2026-06-17,rec_2e8c107d2c948570,PB_AUTO_20260617_105407,Auto-settled via settlement engine. Gross=$1680.00 Fee=$0.00 Net=$1680.00,"{""agent_id"": ""agent-2"", ""legacy_file"": ""Analytics_export (1).csv"", ""ingested_at"": ""2026-01-02T21:27:31.505Z"", ""settlement"": {""gross"": 1680.0, ""fee"": 0.0, ""net"": 1680.0, ""fee_pct"": 0, ""settled_at"": ""2026-06-17T09:54:07.432575+00:00""}}",695837a1038b33620706932b,2026-01-02T21:24:49.991000,2026-06-17T09:54:07.432618+00:00,anonymous,anonymous,false
68bbde98768731d1ecd410c0,2e67f31d06d7002c2c1e22e3e0cc08ad2017abe5b9acdfccbce2edfacdbb8f48,Multiple,,2840,USD,paid_out,2026-06-17,rec_e663fc2a841400f3,PB_AUTO_20260617_105407,Auto-settled via settlement engine. Gross=$2840.00 Fee=$0.00 Net=$2840.00,"{""agent_id"": ""agent-1"", ""legacy_file"": ""Analytics_export (1).csv"", ""ingested_at"": ""2026-01-02T21:27:30.532Z"", ""settlement"": {""gross"": 2840.0, ""fee"": 0.0, ""net"": 2840.0, ""fee_pct"": 0, ""settled_at"": ""2026-06-17T09:54:07.432719+00:00""}}",695837a1ef15353da84fdb62,2026-01-02T21:24:49.065000,2026-06-17T09:54:07.432759+00:00,anonymous,anonymous,false
68e0f56d5a1c0e13fda43223,54112a85fe25b3238afe5d490bdfb046bf42ec84ab22c5416f8b108648168629,LinkedIn Traffic,,520,USD,paid_out,2026-06-17,rec_ac2188d97ed2066b,PB_AUTO_20260617_105407,Auto-settled via settlement engine. Gross=$520.00 Fee=$0.00 Net=$520.00,"{""agent_id"": ""agent-2"", ""legacy_file"": ""Analytics_export (1).csv"", ""ingested_at"": ""2026-01-02T21:27:29.662Z"", ""settlement"": {""gross"": 520.0, ""fee"": 0.0, ""net"": 520.0, ""fee_pct"": 0, ""settled_at"": ""2026-06-17T09:54:07.432859+00:00""}}",695837a07111fd04fb7c8a14,2026-01-02T21:24:48.010000,2026-06-17T09:54:07.432898+00:00,anonymous,anonymous,false
68e0f56d5a1c0e13fda4321e,663d8e54c5e09981515b18f61de05c3ab961ae63eb555d7b42a0c5e26791fd8a,realworldcerts.com,,450.5,USD,paid_out,2026-06-17,rec_fcc3b396d410c18a,PB_AUTO_20260617_105407,Auto-settled via settlement engine. Gross=$450.50 Fee=$0.00 Net=$450.50,"{""agent_id"": ""agent-1"", ""legacy_file"": ""Analytics_export (1).csv"", ""ingested_at"": ""2026-01-02T21:27:28.514Z"", ""settlement"": {""gross"": 450.5, ""fee"": 0.0, ""net"": 450.5, ""fee_pct"": 0, ""settled_at"": ""2026-06-17T09:54:07.433002+00:00""}}",6958379f0e19a926731826f7,2026-01-02T21:24:47.305000,2026-06-17T09:54:07.433043+00:00,anonymous,anonymous,false
68e0f56d5a1c0e13fda43220,37eb2200de26fe52655cf07081d123d8033af2cf2886ad4261e624e808692612,Course Sales,,890.25,USD,paid_out,2026-06-17,rec_814c8fd2ab770ceb,PB_AUTO_20260617_105407,Auto-settled via settlement engine. Gross=$890.25 Fee=$0.00 Net=$890.25,"{""agent_id"": ""agent-3"", ""legacy_file"": ""Analytics_export (1).csv"", ""ingested_at"": ""2026-01-02T21:27:27.854Z"", ""settlement"": {""gross"": 890.25, ""fee"": 0.0, ""net"": 890.25, ""fee_pct"": 0, ""settled_at"": ""2026-06-17T09:54:07.433134+00:00""}}",6958379e3b9312ed11e7bbe0,2026-01-02T21:24:46.231000,2026-06-17T09:54:07.433172+00:00,anonymous,anonymous,false
68e0f56d5a1c0e13fda43224,7071a4a7f666738bf901f015b90c237881dfc4682bb419e1a8641ec7ed7cbdd1,YouTube Referrals,,680.5,USD,paid_out,2026-06-17,rec_f07be5d865e5ebb0,PB_AUTO_20260617_105407,Auto-settled via settlement engine. Gross=$680.50 Fee=$20.41 Net=$660.09,"{""agent_id"": ""agent-3"", ""legacy_file"": ""Analytics_export (1).csv"", ""ingested_at"": ""2026-01-02T21:27:27.096Z"", ""settlement"": {""gross"": 680.5, ""fee"": 20.41, ""net"": 660.09, ""fee_pct"": 0.03, ""settled_at"": ""2026-06-17T09:54:07.433261+00:00""}}",6958379d5d900d28a4c20255,2026-01-02T21:24:45.564000,2026-06-17T09:54:07.433308+00:00,anonymous,anonymous,false
68e0f56d5a1c0e13fda43222,e128f691e5241bf5f2d1345b844c0aff5acc118f801aae7e43bafc64c294c5ad,Reddit Conversions,,150.75,USD,paid_out,2026-06-17,rec_4e2d607d4008458e,PB_AUTO_20260617_105407,Auto-settled via settlement engine. Gross=$150.75 Fee=$0.00 Net=$150.75,"{""agent_id"": ""agent-4"", ""legacy_file"": ""Analytics_export (1).csv"", ""ingested_at"": ""2026-01-02T21:27:26.400Z"", ""settlement"": {""gross"": 150.75, ""fee"": 0.0, ""net"": 150.75, ""fee_pct"": 0, ""settled_at"": ""2026-06-17T09:54:07.433397+00:00""}}",6958379c98bc3a51538bf59b,2026-01-02T21:24:44.808000,2026-06-17T09:54:07.433433+00:00,anonymous,anonymous,false
68e0f56d5a1c0e13fda43221,ff56fa65b9b582f703a5354cab0113e9054d04af2e3250f3e5176fa3835828f8,realworldcerts.com,,325,USD,paid_out,2026-06-17,rec_cc117755d5e3fc2b,PB_AUTO_20260617_105407,Auto-settled via settlement engine. Gross=$325.00 Fee=$0.00 Net=$325.00,"{""agent_id"": ""agent-1"", ""legacy_file"": ""Analytics_export (1).csv"", ""ingested_at"": ""2026-01-02T21:27:25.643Z"", ""settlement"": {""gross"": 325.0, ""fee"": 0.0, ""net"": 325.0, ""fee_pct"": 0, ""settled_at"": ""2026-06-17T09:54:07.433528+00:00""}}",6958379c7aad1c7fabdcd213,2026-01-02T21:24:44.088000,2026-06-17T09:54:07.433565+00:00,anonymous,anonymous,false
68e0f56d5a1c0e13fda4321f,52f2ac613039f0e9f855678d336450cc63630c9f50d40da8954f4d953964af08,Affiliate Program,,275,USD,paid_out,2026-06-17,rec_08622df9d9582f0d,PB_AUTO_20260617_105407,Auto-settled via settlement engine. Gross=$275.00 Fee=$13.75 Net=$261.25,"{""agent_id"": ""agent-2"", ""legacy_file"": ""Analytics_export (1).csv"", ""ingested_at"": ""2026-01-02T21:27:24.990Z"", ""settlement"": {""gross"": 275.0, ""fee"": 13.75, ""net"": 261.25, ""fee_pct"": 0.05, ""settled_at"": ""2026-06-17T09:54:07.433657+00:00""}}",6958379b1f058bad78bfd978,2026-01-02T21:24:43.320000,2026-06-17T09:54:07.433696+00:00,anonymous,anonymous,false
68e7500c4eae3dbaf591e2fb,a7475f24e94020d66b7637084c7d7fbc4e86ea6b3f6669d1677cbb1e20f8ef08,YouTube Sponsors,,375.5,USD,paid_out,2026-06-17,rec_697aff8d76788c22,PB_AUTO_20260617_105407,Auto-settled via settlement engine. Gross=$375.50 Fee=$7.51 Net=$367.99,"{""agent_id"": ""agent-4"", ""legacy_file"": ""Analytics_export (1).csv"", ""ingested_at"": ""2026-01-02T21:27:24.112Z"", ""settlement"": {""gross"": 375.5, ""fee"": 7.51, ""net"": 367.99, ""fee_pct"": 0.02, ""settled_at"": ""2026-06-17T09:54:07.433786+00:00""}}",6958379abc0fe2e14f153778,2026-01-02T21:24:42.416000,2026-06-17T09:54:07.433826+00:00,anonymous,anonymous,false
68e7500c4eae3dbaf591e2f0,29ac164c4127ae3901508fa1a7342b4edceba11a0c204f254e1fe9867dacddfb,Webinar Sales,,755,USD,paid_out,2026-06-17,rec_f83b1c8e98b57809,PB_AUTO_20260617_105407,Auto-settled via settlement engine. Gross=$755.00 Fee=$0.00 Net=$755.00,"{""agent_id"": ""agent-3"", ""legacy_file"": ""Analytics_export (1).csv"", ""ingested_at"": ""2026-01-02T21:27:23.126Z"", ""settlement"": {""gross"": 755.0, ""fee"": 0.0, ""net"": 755.0, ""fee_pct"": 0, ""settled_at"": ""2026-06-17T09:54:07.433915+00:00""}}",695837992b7e4fb789f1c11e,2026-01-02T21:24:41.506000,2026-06-17T09:54:07.433952+00:00,anonymous,anonymous,false
68e7500c4eae3dbaf591e2e6,a7a8a8d51d7cf5244d0561dd833c81ad842cbb644f15eab96bfa72959657b999,Direct Marketing,,425,USD,paid_out,2026-06-17,rec_43d3ec07b8e7b064,PB_AUTO_20260617_105407,Auto-settled via settlement engine. Gross=$425.00 Fee=$0.00 Net=$425.00,"{""agent_id"": ""agent-1"", ""legacy_file"": ""Analytics_export (1).csv"", ""ingested_at"": ""2026-01-02T21:27:22.427Z"", ""settlement"": {""gross"": 425.0, ""fee"": 0.0, ""net"": 425.0, ""fee_pct"": 0, ""settled_at"": ""2026-06-17T09:54:07.434040+00:00""}}",69583798da59ae178e80a1af,2026-01-02T21:24:40.820000,2026-06-17T09:54:07.434077+00:00,anonymous,anonymous,false
68e7500c4eae3dbaf591e2f4,90b30ee1cbbc718bed6b41c9cb722e2b0ed63f4080731029b74f7caedb1f78e8,End of Q3 Push,,720,USD,paid_out,2026-06-17,rec_64e1b007d0cf69c4,PB_AUTO_20260617_105407,Auto-settled via settlement engine. Gross=$720.00 Fee=$0.00 Net=$720.00,"{""agent_id"": ""agent-1"", ""legacy_file"": ""Analytics_export (1).csv"", ""ingested_at"": ""2026-01-02T21:27:20.803Z"", ""settlement"": {""gross"": 720.0, ""fee"": 0.0, ""net"": 720.0, ""fee_pct"": 0, ""settled_at"": ""2026-06-17T09:54:07.434168+00:00""}}",695837983fdac3dd3122c063,2026-01-02T21:24:40.114000,2026-06-17T09:54:07.434204+00:00,anonymous,anonymous,false
68e7500c4eae3dbaf591e2ed,f071a9e245708021fec2da7aa3246238a03481433c4f1f2f4427a8a54f277614,realworldcerts.com,,445.25,USD,paid_out,2026-06-17,rec_2e0ae443726e166f,PB_AUTO_20260617_105407,Auto-settled via settlement engine. Gross=$445.25 Fee=$0.00 Net=$445.25,"{""agent_id"": ""agent-1"", ""legacy_file"": ""Analytics_export (1).csv"", ""ingested_at"": ""2026-01-02T21:27:19.592Z"", ""settlement"": {""gross"": 445.25, ""fee"": 0.0, ""net"": 445.25, ""fee_pct"": 0, ""settled_at"": ""2026-06-17T09:54:07.434310+00:00""}}",69583796f72845dc90d32b67,2026-01-02T21:24:38.195000,2026-06-17T09:54:07.434349+00:00,anonymous,anonymous,false
68e7500c4eae3dbaf591e2eb,a5788b1ef39061939cb43752d86cfd65eac410a9f22660ab0e0da7e4dfcb2103,Facebook Ads,,395.75,USD,paid_out,2026-06-17,rec_658abf38137ee973,PB_AUTO_20260617_105407,Auto-settled via settlement engine. Gross=$395.75 Fee=$7.92 Net=$387.83,"{""agent_id"": ""agent-4"", ""legacy_file"": ""Analytics_export (1).csv"", ""ingested_at"": ""2026-01-02T21:27:18.279Z"", ""settlement"": {""gross"": 395.75, ""fee"": 7.92, ""net"": 387.83, ""fee_pct"": 0.02, ""settled_at"": ""2026-06-17T09:54:07.434438+00:00""}}",695837959d6acf1e6d424bb0,2026-01-02T21:24:37.291000,2026-06-17T09:54:07.434478+00:00,anonymous,anonymous,false
68e7500c4eae3dbaf591e2e2,011f7b4be1f5d2338f020f7e21c46436dcd443fda3e5ee343b6d969c1ad9b8cb,realworldcerts.com,,380,USD,paid_out,2026-06-17,rec_65f13bd3e098e838,PB_AUTO_20260617_105407,Auto-settled via settlement engine. Gross=$380.00 Fee=$0.00 Net=$380.00,"{""agent_id"": ""agent-1"", ""legacy_file"": ""Analytics_export (1).csv"", ""ingested_at"": ""2026-01-02T21:27:17.661Z"", ""settlement"": {""gross"": 380.0, ""fee"": 0.0, ""net"": 380.0, ""fee_pct"": 0, ""settled_at"": ""2026-06-17T09:54:07.434570+00:00""}}",6958379345975ac6e9662ca1,2026-01-02T21:24:35.972000,2026-06-17T09:54:07.434606+00:00,anonymous,anonymous,false
68e7500c4eae3dbaf591e2e1,c82c714c59ef34d12594bc4ff846374b6f88b4d57d47c2d4abc7bbdf7c85a1d1,Course Bundle,,825.25,USD,paid_out,2026-06-17,rec_45f7f907160e7fab,PB_AUTO_20260617_105407,Auto-settled via settlement engine. Gross=$825.25 Fee=$0.00 Net=$825.25,"{""agent_id"": ""agent-3"", ""legacy_file"": ""Analytics_export (1).csv"", ""ingested_at"": ""2026-01-02T21:27:16.683Z"", ""settlement"": {""gross"": 825.25, ""fee"": 0.0, ""net"": 825.25, ""fee_pct"": 0, ""settled_at"": ""2026-06-17T09:54:07.434691+00:00""}}",69583792fed55aa9fff583da,2026-01-02T21:24:34.978000,2026-06-17T09:54:07.434727+00:00,anonymous,anonymous,false
68e7500c4eae3dbaf591e2d7,7d32390f8e69ecb67000918ae625bc3af2dbb36230ae046b3a0db53405ce14cd,realworldcerts.com,,325,USD,paid_out,2026-06-17,rec_d6b3821247503c7d,PB_AUTO_20260617_105407,Auto-settled via settlement engine. Gross=$325.00 Fee=$0.00 Net=$325.00,"{""agent_id"": ""agent-1"", ""legacy_file"": ""Analytics_export (1).csv"", ""ingested_at"": ""2026-01-02T21:27:15.711Z"", ""settlement"": {""gross"": 325.0, ""fee"": 0.0, ""net"": 325.0, ""fee_pct"": 0, ""settled_at"": ""2026-06-17T09:54:07.434816+00:00""}}",6958379287ec5f3d67fe1169,2026-01-02T21:24:34.041000,2026-06-17T09:54:07.434851+00:00,anonymous,anonymous,false
68e7500c4eae3dbaf591e2de,719dfcdcbd40d94633a13a57927f3fef84def8d0eb4f3d3d2c28543f140f4662,Affiliate Commission,,620,USD,paid_out,2026-06-17,rec_9165826610f6a603,PB_AUTO_20260617_105407,Auto-settled via settlement engine. Gross=$620.00 Fee=$31.00 Net=$589.00,"{""agent_id"": ""agent-1"", ""legacy_file"": ""Analytics_export (1).csv"", ""ingested_at"": ""2026-01-02T21:27:14.739Z"", ""settlement"": {""gross"": 620.0, ""fee"": 31.0, ""net"": 589.0, ""fee_pct"": 0.05, ""settled_at"": ""2026-06-17T09:54:07.435026+00:00""}}",695837914ed16556a87d656c,2026-01-02T21:24:33.074000,2026-06-17T09:54:07.435072+00:00,anonymous,anonymous,false
68e7500c4eae3dbaf591e2df,9e3eff7b576c9402c8dcec7dedf6ea31093e170f83b26273a99f344197da2164,Twitter Campaign,,340.75,USD,paid_out,2026-06-17,rec_6af58ea2880f2fc6,PB_AUTO_20260617_105407,Auto-settled via settlement engine. Gross=$340.75 Fee=$0.00 Net=$340.75,"{""agent_id"": ""agent-4"", ""legacy_file"": ""Analytics_export (1).csv"", ""ingested_at"": ""2026-01-02T21:27:12.459Z"", ""settlement"": {""gross"": 340.75, ""fee"": 0.0, ""net"": 340.75, ""fee_pct"": 0, ""settled_at"": ""2026-06-17T09:54:07.435161+00:00""}}",69583790fed55aa9fff583d8,2026-01-02T21:24:32.439000,2026-06-17T09:54:07.435199+00:00,anonymous,anonymous,false
68e7500c4eae3dbaf591e2da,59e506b4e8e26afab0337e0c75190aa6d9bcc1cd66661e154e324e91022e5211,YouTube Referrals,,680.5,USD,paid_out,2026-06-17,rec_4474f62bf8af5973,PB_AUTO_20260617_105407,Auto-settled via settlement engine. Gross=$680.50 Fee=$20.41 Net=$660.09,"{""agent_id"": ""agent-3"", ""legacy_file"": ""Analytics_export (1).csv"", ""ingested_at"": ""2026-01-02T21:27:11.654Z"", ""settlement"": {""gross"": 680.5, ""fee"": 20.41, ""net"": 660.09, ""fee_pct"": 0.03, ""settled_at"": ""2026-06-17T09:54:07.435291+00:00""}}",6958378ebc0fe2e14f153773,2026-01-02T21:24:30.169000,2026-06-17T09:54:07.435331+00:00,anonymous,anonymous,false
68e7500c4eae3dbaf591e2e5,8a87979f426a24389f688f2156a495f1f93630ad2bbb580de1d877f401e52b7d,YouTube Traffic,,715.75,USD,paid_out,2026-06-17,rec_58ba49c80985cca8,PB_AUTO_20260617_105407,Auto-settled via settlement engine. Gross=$715.75 Fee=$14.31 Net=$701.44,"{""agent_id"": ""agent-3"", ""legacy_file"": ""Analytics_export (1).csv"", ""ingested_at"": ""2026-01-02T21:27:10.809Z"", ""settlement"": {""gross"": 715.75, ""fee"": 14.31, ""net"": 701.44, ""fee_pct"": 0.02, ""settled_at"": ""2026-06-17T09:54:07.435418+00:00""}}",6958378d9bd2b9949675fbb1,2026-01-02T21:24:29.343000,2026-06-17T09:54:07.435456+00:00,anonymous,anonymous,false
68e7500c4eae3dbaf591e2d8,e12c527726730423793126821de62b3793a2961a3a32677f781dd592269e4f96,Reddit Traffic,,150.75,USD,paid_out,2026-06-17,rec_d457e00d3f2ba309,PB_AUTO_20260617_105407,Auto-settled via settlement engine. Gross=$150.75 Fee=$0.00 Net=$150.75,"{""agent_id"": ""agent-4"", ""legacy_file"": ""Analytics_export (1).csv"", ""ingested_at"": ""2026-01-02T21:27:10.004Z"", ""settlement"": {""gross"": 150.75, ""fee"": 0.0, ""net"": 150.75, ""fee_pct"": 0, ""settled_at"": ""2026-06-17T09:54:07.435649+00:00""}}",6958378c1c6d227af6054c65,2026-01-02T21:24:28.521000,2026-06-17T09:54:07.435719+00:00,anonymous,anonymous,false
68e7500c4eae3dbaf591e2dc,d6214b88b2165ded97e22466e4a288c03035f94b6099d9fdf9bc90a0215a994c,Black Friday Sales,,780,USD,paid_out,2026-06-17,rec_6049504d8aca572f,PB_AUTO_20260617_105407,Auto-settled via settlement engine. Gross=$780.00 Fee=$0.00 Net=$780.00,"{""agent_id"": ""agent-2"", ""legacy_file"": ""Analytics_export (1).csv"", ""ingested_at"": ""2026-01-02T21:27:09.329Z"", ""settlement"": {""gross"": 780.0, ""fee"": 0.0, ""net"": 780.0, ""fee_pct"": 0, ""settled_at"": ""2026-06-17T09:54:07.435870+00:00""}}",6958378b3b0016cac1f47bdd,2026-01-02T21:24:27.664000,2026-06-17T09:54:07.435927+00:00,anonymous,anonymous,false
68e7500c4eae3dbaf591e2d9,dc42b11d391178686d44f0d98a6ef97b875366afe76ef3211ac4b1807d08d12f,LinkedIn B2B,,520,USD,paid_out,2026-06-17,rec_160f123868c530e1,PB_AUTO_20260617_105407,Auto-settled via settlement engine. Gross=$520.00 Fee=$0.00 Net=$520.00,"{""agent_id"": ""agent-2"", ""legacy_file"": ""Analytics_export (1).csv"", ""ingested_at"": ""2026-01-02T21:27:08.661Z"", ""settlement"": {""gross"": 520.0, ""fee"": 0.0, ""net"": 520.0, ""fee_pct"": 0, ""settled_at"": ""2026-06-17T09:54:07.436047+00:00""}}",6958378baa5335034c2381a5,2026-01-02T21:24:27.043000,2026-06-17T09:54:07.436105+00:00,anonymous,anonymous,false
68e7500c4eae3dbaf591e2fe,3856415974aa3f0b69964ad5648e36eeb1116da33853732751bde13c077aa22b,SEO Traffic,,485,USD,paid_out,2026-06-17,rec_80ddc6cfd61a7b86,PB_AUTO_20260617_105407,Auto-settled via settlement engine. Gross=$485.00 Fee=$0.00 Net=$485.00,"{""agent_id"": ""agent-2"", ""legacy_file"": ""Analytics_export (1).csv"", ""ingested_at"": ""2026-01-02T21:27:07.046Z"", ""settlement"": {""gross"": 485.0, ""fee"": 0.0, ""net"": 485.0, ""fee_pct"": 0, ""settled_at"": ""2026-06-17T09:54:07.436217+00:00""}}",69583789b390464191e57e33,2026-01-02T21:24:25.975000,2026-06-17T09:54:07.436260+00:00,anonymous,anonymous,false
68e7500c4eae3dbaf591e2f7,f9eb4e4ccaae2aac13eadd5e0c05ec39837e36b344ab1fa4f858d967067a1b36,Community Forum,,315.75,USD,paid_out,2026-06-17,rec_400ec173541603f1,PB_AUTO_20260617_105407,Auto-settled via settlement engine. Gross=$315.75 Fee=$0.00 Net=$315.75,"{""agent_id"": ""agent-4"", ""legacy_file"": ""Analytics_export (1).csv"", ""ingested_at"": ""2026-01-02T21:27:06.156Z"", ""settlement"": {""gross"": 315.75, ""fee"": 0.0, ""net"": 315.75, ""fee_pct"": 0, ""settled_at"": ""2026-06-17T09:54:07.436372+00:00""}}",6958378817939fd48f50abe2,2026-01-02T21:24:24.768000,2026-06-17T09:54:07.436428+00:00,anonymous,anonymous,false
68e7500c4eae3dbaf591e2e7,c18675dbcc491cad3a6a16baac3fb7abfed84e076338b6823becc91275951a93,Reddit Community,,310.25,USD,paid_out,2026-06-17,rec_ac16421b1d3cf8aa,PB_AUTO_20260617_105407,Auto-settled via settlement engine. Gross=$310.25 Fee=$0.00 Net=$310.25,"{""agent_id"": ""agent-4"", ""legacy_file"": ""Analytics_export (1).csv"", ""ingested_at"": ""2026-01-02T21:27:05.274Z"", ""settlement"": {""gross"": 310.25, ""fee"": 0.0, ""net"": 310.25, ""fee_pct"": 0, ""settled_at"": ""2026-06-17T09:54:07.436549+00:00""}}",69583787d7fff77ee3bc0060,2026-01-02T21:24:23.556000,2026-06-17T09:54:07.436597+00:00,anonymous,anonymous,false
68e7500c4eae3dbaf591e2dd,8e95fab67f7d109c8e9a6a6f58379267ee723b10757376c76f7cf616642b11c8,Holiday Campaign,,1250.5,USD,paid_out,2026-06-17,rec_028d6af9b2e2681e,PB_AUTO_20260617_105407,Auto-settled via settlement engine. Gross=$1250.50 Fee=$0.00 Net=$1250.50,"{""agent_id"": ""agent-3"", ""legacy_file"": ""Analytics_export (1).csv"", ""ingested_at"": ""2026-01-02T21:27:04.575Z"", ""settlement"": {""gross"": 1250.5, ""fee"": 0.0, ""net"": 1250.5, ""fee_pct"": 0, ""settled_at"": ""2026-06-17T09:54:07.436704+00:00""}}",695837869e3d207704b6803f,2026-01-02T21:24:22.978000,2026-06-17T09:54:07.436749+00:00,anonymous,anonymous,false
68e7500c4eae3dbaf591e2d5,ad51815fe1203e124012f131894d71210ad346c8f35de0372b8eb6a7e8fcfd5c,Affiliate Network,,275,USD,paid_out,2026-06-17,rec_6684ebe0e09b9c51,PB_AUTO_20260617_105407,Auto-settled via settlement engine. Gross=$275.00 Fee=$13.75 Net=$261.25,"{""agent_id"": ""agent-2"", ""legacy_file"": ""Analytics_export (1).csv"", ""ingested_at"": ""2026-01-02T21:27:03.530Z"", ""settlement"": {""gross"": 275.0, ""fee"": 13.75, ""net"": 261.25, ""fee_pct"": 0.05, ""settled_at"": ""2026-06-17T09:54:07.436858+00:00""}}",69583786c417529df0fc0f17,2026-01-02T21:24:22.247000,2026-06-17T09:54:07.436908+00:00,anonymous,anonymous,false
68e7500c4eae3dbaf591e2f9,41d0a5ea637e2a6c8918a92a31928d4b13475f2abb201438e2d841dbbd84398f,Premium Courses,,795.25,USD,paid_out,2026-06-17,rec_1f3226dc68869d8e,PB_AUTO_20260617_105407,Auto-settled via settlement engine. Gross=$795.25 Fee=$0.00 Net=$795.25,"{""agent_id"": ""agent-3"", ""legacy_file"": ""Analytics_export (1).csv"", ""ingested_at"": ""2026-01-02T21:27:01.871Z"", ""settlement"": {""gross"": 795.25, ""fee"": 0.0, ""net"": 795.25, ""fee_pct"": 0, ""settled_at"": ""2026-06-17T09:54:07.437018+00:00""}}",69583785b8403a3b2882d40c,2026-01-02T21:24:21.236000,2026-06-17T09:54:07.437066+00:00,anonymous,anonymous,false
68e7500c4eae3dbaf591e2f5,da978b0046aa2808d14739789acfadc5aa94829672afaf1eb9cf71d90efacb6a,Bulk Course Sales,,885.5,USD,paid_out,2026-06-17,rec_53738db4fc7b3969,PB_AUTO_20260617_105407,Auto-settled via settlement engine. Gross=$885.50 Fee=$17.71 Net=$867.79,"{""agent_id"": ""agent-3"", ""legacy_file"": ""Analytics_export (1).csv"", ""ingested_at"": ""2026-01-02T21:27:00.584Z"", ""settlement"": {""gross"": 885.5, ""fee"": 17.71, ""net"": 867.79, ""fee_pct"": 0.02, ""settled_at"": ""2026-06-17T09:54:07.437177+00:00""}}",695837828e62a3569f6ed3e0,2026-01-02T21:24:18.985000,2026-06-17T09:54:07.437220+00:00,anonymous,anonymous,false
68e7500c4eae3dbaf591e2ee,2434aa255e2a4ae5a17e703b5fb931205b9037955cd6118c25e6c830bba0335c,Email Campaign,,520,USD,paid_out,2026-06-17,rec_bcd3cbd74b389224,PB_AUTO_20260617_105407,Auto-settled via settlement engine. Gross=$520.00 Fee=$0.00 Net=$520.00,"{""agent_id"": ""agent-2"", ""legacy_file"": ""Analytics_export (1).csv"", ""ingested_at"": ""2026-01-02T21:26:59.400Z"", ""settlement"": {""gross"": 520.0, ""fee"": 0.0, ""net"": 520.0, ""fee_pct"": 0, ""settled_at"": ""2026-06-17T09:54:07.437328+00:00""}}",6958378134f710e658fa33b2,2026-01-02T21:24:17.715000,2026-06-17T09:54:07.437376+00:00,anonymous,anonymous,false
68e7500c4eae3dbaf591e2ea,7d46afbc217500923c4559f843e3a1af0f0e2889dc9cd34bb614879ec7bb825c,Corporate Training,,670,USD,paid_out,2026-06-17,rec_26472b5f0fccbd77,PB_AUTO_20260617_105407,Auto-settled via settlement engine. Gross=$670.00 Fee=$0.00 Net=$670.00,"{""agent_id"": ""agent-2"", ""legacy_file"": ""Analytics_export (1).csv"", ""ingested_at"": ""2026-01-02T21:26:58.453Z"", ""settlement"": {""gross"": 670.0, ""fee"": 0.0, ""net"": 670.0, ""fee_pct"": 0, ""settled_at"": ""2026-06-17T09:54:07.437482+00:00""}}",69583780b29b88bd64f7fd3e,2026-01-02T21:24:16.787000,2026-06-17T09:54:07.437534+00:00,anonymous,anonymous,false
68e7500c4eae3dbaf591e2e9,52289a5bc25ff0ae1b6449f8c32d90eeb7dda84fc7ac898bd38dbc72937e11d5,Affiliate Sales,,580.5,USD,paid_out,2026-06-17,rec_ca5fb9811056af20,PB_AUTO_20260617_105407,Auto-settled via settlement engine. Gross=$580.50 Fee=$29.03 Net=$551.47,"{""agent_id"": ""agent-1"", ""legacy_file"": ""Analytics_export (1).csv"", ""ingested_at"": ""2026-01-02T21:26:57.141Z"", ""settlement"": {""gross"": 580.5, ""fee"": 29.03, ""net"": 551.47, ""fee_pct"": 0.05, ""settled_at"": ""2026-06-17T09:54:07.438014+00:00""}}",6958377f84a6ef69aa54d3f8,2026-01-02T21:24:15.775000,2026-06-17T09:54:07.438069+00:00,anonymous,anonymous,false
68e7500c4eae3dbaf591e2ef,222411cb947da1229a1d937d25fd0abca707550b3b18fecab5d939d631f8c876,Discord Community,,360.5,USD,paid_out,2026-06-17,rec_2b6bba02edd1ce76,PB_AUTO_20260617_105407,Auto-settled via settlement engine. Gross=$360.50 Fee=$0.00 Net=$360.50,"{""agent_id"": ""agent-4"", ""legacy_file"": ""Analytics_export (1).csv"", ""ingested_at"": ""2026-01-02T21:26:56.044Z"", ""settlement"": {""gross"": 360.5, ""fee"": 0.0, ""net"": 360.5, ""fee_pct"": 0, ""settled_at"": ""2026-06-17T09:54:07.438339+00:00""}}",6958377e87ec5f3d67fe115e,2026-01-02T21:24:14.350000,2026-06-17T09:54:07.438433+00:00,anonymous,anonymous,false
68e7500c4eae3dbaf591e2e4,74c26a427cde4e36c80ace3f749c412519e6e4dd9ac2e9dde81b7b35d3b872ad,LinkedIn Posts,,560,USD,paid_out,2026-06-17,rec_c706341259904a9e,PB_AUTO_20260617_105407,Auto-settled via settlement engine. Gross=$560.00 Fee=$0.00 Net=$560.00,"{""agent_id"": ""agent-2"", ""legacy_file"": ""Analytics_export (1).csv"", ""ingested_at"": ""2026-01-02T21:26:51.363Z"", ""settlement"": {""gross"": 560.0, ""fee"": 0.0, ""net"": 560.0, ""fee_pct"": 0, ""settled_at"": ""2026-06-17T09:54:07.439009+00:00""}}",6958377dce1ca5a5e0671d2e,2026-01-02T21:24:13.736000,2026-06-17T09:54:07.439124+00:00,anonymous,anonymous,false
68e7500c4eae3dbaf591e2d4,a29d8d5bbce1748468e0335e08063af7476c2f7961cd12ef453593f12efd454e,realworldcerts.com,,450.5,USD,paid_out,2026-06-17,rec_ecbf6ad3fd3c3acd,PB_AUTO_20260617_105407,Auto-settled via settlement engine. Gross=$450.50 Fee=$0.00 Net=$450.50,"{""agent_id"": ""agent-1"", ""legacy_file"": ""Analytics_export (1).csv"", ""ingested_at"": ""2026-01-02T21:26:49.550Z"", ""settlement"": {""gross"": 450.5, ""fee"": 0.0, ""net"": 450.5, ""fee_pct"": 0, ""settled_at"": ""2026-06-17T09:54:07.439365+00:00""}}",695837783ff116c99a5fc2cf,2026-01-02T21:24:08.185000,2026-06-17T09:54:07.439550+00:00,anonymous,anonymous,false
68e7500c4eae3dbaf591e2f8,59e6e4716a2804f8ffa539a40c9989ddc434bf6374eb5cd788ffb300de0e98e9,Corporate Package,,660,USD,paid_out,2026-06-17,rec_d8515a95f9563337,PB_AUTO_20260617_105407,Auto-settled via settlement engine. Gross=$660.00 Fee=$0.00 Net=$660.00,"{""agent_id"": ""agent-1"", ""legacy_file"": ""Analytics_export (1).csv"", ""ingested_at"": ""2026-01-02T21:26:48.934Z"", ""settlement"": {""gross"": 660.0, ""fee"": 0.0, ""net"": 660.0, ""fee_pct"": 0, ""settled_at"": ""2026-06-17T09:54:07.440103+00:00""}}",69583777021bc68764984788,2026-01-02T21:24:07.264000,2026-06-17T09:54:07.440172+00:00,anonymous,anonymous,false
68e7500c4eae3dbaf591e2f6,3f7264656e28375bfb2e4f355ea9d93305e48c274a44bf7e728adf35a96b96bb,LinkedIn Networking,,540,USD,paid_out,2026-06-17,rec_1bad8c5f4aa34c8e,PB_AUTO_20260617_105407,Auto-settled via settlement engine. Gross=$540.00 Fee=$0.00 Net=$540.00,"{""agent_id"": ""agent-2"", ""legacy_file"": ""Analytics_export (1).csv"", ""ingested_at"": ""2026-01-02T21:26:47.655Z"", ""settlement"": {""gross"": 540.0, ""fee"": 0.0, ""net"": 540.0, ""fee_pct"": 0, ""settled_at"": ""2026-06-17T09:54:07.440416+00:00""}}",695837764b8e3fdeb55e842c,2026-01-02T21:24:06.028000,2026-06-17T09:54:07.440471+00:00,anonymous,anonymous,false
68e7500c4eae3dbaf591e2d6,3d4d3eaf05ac8781917953216cd51b67b958327015e2b4a574b464f3d9a40f04,Course Sales,,890.25,USD,paid_out,2026-06-17,rec_dc67baefa6fb3e21,PB_AUTO_20260617_105407,Auto-settled via settlement engine. Gross=$890.25 Fee=$0.00 Net=$890.25,"{""agent_id"": ""agent-3"", ""legacy_file"": ""Analytics_export (1).csv"", ""ingested_at"": ""2026-01-02T21:26:45.768Z"", ""settlement"": {""gross"": 890.25, ""fee"": 0.0, ""net"": 890.25, ""fee_pct"": 0, ""settled_at"": ""2026-06-17T09:54:07.440606+00:00""}}",69583774617d18acf41e3185,2026-01-02T21:24:04.134000,2026-06-17T09:54:07.440660+00:00,anonymous,anonymous,false
68e7500c4eae3dbaf591e2fc,cc09e8ee489530866a5c941495e1e9dd9f4c222b6cd75b44f245ce0996781c8e,Direct Sales,,550,USD,paid_out,2026-06-17,rec_ae65567887e83061,PB_AUTO_20260617_105407,Auto-settled via settlement engine. Gross=$550.00 Fee=$0.00 Net=$550.00,"{""agent_id"": ""agent-1"", ""legacy_file"": ""Analytics_export (1).csv"", ""ingested_at"": ""2026-01-02T21:26:45.074Z"", ""settlement"": {""gross"": 550.0, ""fee"": 0.0, ""net"": 550.0, ""fee_pct"": 0, ""settled_at"": ""2026-06-17T09:54:07.440850+00:00""}}",69583773a7dd3a9556f3d821,2026-01-02T21:24:03.444000,2026-06-17T09:54:07.440904+00:00,anonymous,anonymous,false
68e7500c4eae3dbaf591e2fa,1a9431e2b934479a335803cc158025712fdc121661f734d9a40750211c70a12f,Affiliate Network,,430,USD,paid_out,2026-06-17,rec_c3791dec002bf876,PB_AUTO_20260617_105407,Auto-settled via settlement engine. Gross=$430.00 Fee=$21.50 Net=$408.50,"{""agent_id"": ""agent-2"", ""legacy_file"": ""Analytics_export (1).csv"", ""ingested_at"": ""2026-01-02T21:26:44.217Z"", ""settlement"": {""gross"": 430.0, ""fee"": 21.5, ""net"": 408.5, ""fee_pct"": 0.05, ""settled_at"": ""2026-06-17T09:54:07.441036+00:00""}}",695837728c48c526dbb49c65,2026-01-02T21:24:02.751000,2026-06-17T09:54:07.441088+00:00,anonymous,anonymous,false
68e7500c4eae3dbaf591e2f1,1adde508d27db30739348663fa21983500222c6d2d8198b9b3e49e0f617fef56,Partner Referral,,490.75,USD,paid_out,2026-06-17,rec_fd3a686362dc75c2,PB_AUTO_20260617_105407,Auto-settled via settlement engine. Gross=$490.75 Fee=$14.72 Net=$476.03,"{""agent_id"": ""agent-1"", ""legacy_file"": ""Analytics_export (1).csv"", ""ingested_at"": ""2026-01-02T21:26:43.230Z"", ""settlement"": {""gross"": 490.75, ""fee"": 14.72, ""net"": 476.03, ""fee_pct"": 0.03, ""settled_at"": ""2026-06-17T09:54:07.441208+00:00""}}",695837711238221369f6f05a,2026-01-02T21:24:01.625000,2026-06-17T09:54:07.441265+00:00,anonymous,anonymous,false
68e7500c4eae3dbaf591e2ec,c33b5be69039376172578b30bbbffa47c614288962a8810b1dc7ab05997a14aa,Certification Prep,,825,USD,paid_out,2026-06-17,rec_20b277ac2ab0180f,PB_AUTO_20260617_105407,Auto-settled via settlement engine. Gross=$825.00 Fee=$0.00 Net=$825.00,"{""agent_id"": ""agent-3"", ""legacy_file"": ""Analytics_export (1).csv"", ""ingested_at"": ""2026-01-02T21:26:42.615Z"", ""settlement"": {""gross"": 825.0, ""fee"": 0.0, ""net"": 825.0, ""fee_pct"": 0, ""settled_at"": ""2026-06-17T09:54:07.441378+00:00""}}",69583770b6adb016cdae1108,2026-01-02T21:24:00.956000,2026-06-17T09:54:07.441426+00:00,anonymous,anonymous,false
68e7500c4eae3dbaf591e2e8,b4923567514e0dd52d1ab116742a062f7b84245fe2dc96ab005d255f03a59d53,Halloween Special,,940,USD,paid_out,2026-06-17,rec_afeacb13009c6688,PB_AUTO_20260617_105407,Auto-settled via settlement engine. Gross=$940.00 Fee=$0.00 Net=$940.00,"{""agent_id"": ""agent-3"", ""legacy_file"": ""Analytics_export (1).csv"", ""ingested_at"": ""2026-01-02T21:26:41.679Z"", ""settlement"": {""gross"": 940.0, ""fee"": 0.0, ""net"": 940.0, ""fee_pct"": 0, ""settled_at"": ""2026-06-17T09:54:07.441539+00:00""}}",69583770352da5e74b36abb2,2026-01-02T21:24:00.327000,2026-06-17T09:54:07.441584+00:00,anonymous,anonymous,false
68e7500c4eae3dbaf591e2e3,c952b81a96bab9b1474000fc68ec713e4c5fd3fd1dc99ebe49261014ccf4be0f,Quora Answers,,290.5,USD,paid_out,2026-06-17,rec_06ac7576f82d2ce4,PB_AUTO_20260617_105407,Auto-settled via settlement engine. Gross=$290.50 Fee=$0.00 Net=$290.50,"{""agent_id"": ""agent-4"", ""legacy_file"": ""Analytics_export (1).csv"", ""ingested_at"": ""2026-01-02T21:26:40.980Z"", ""settlement"": {""gross"": 290.5, ""fee"": 0.0, ""net"": 290.5, ""fee_pct"": 0, ""settled_at"": ""2026-06-17T09:54:07.441691+00:00""}}",6958376f3cdc6b6e38d8210d,2026-01-02T21:23:59.368000,2026-06-17T09:54:07.441738+00:00,anonymous,anonymous,false
68e7500c4eae3dbaf591e2e0,8a6906d8359a6ac755551b1412358ccdfc9cfd178887e3b8db92dbc3283fa037,Medium Articles,,495,USD,paid_out,2026-06-17,rec_590d873b82f6eb99,PB_AUTO_20260617_105407,Auto-settled via settlement engine. Gross=$495.00 Fee=$9.90 Net=$485.10,"{""agent_id"": ""agent-2"", ""legacy_file"": ""Analytics_export (1).csv"", ""ingested_at"": ""2026-01-02T21:26:40.291Z"", ""settlement"": {""gross"": 495.0, ""fee"": 9.9, ""net"": 485.1, ""fee_pct"": 0.02, ""settled_at"": ""2026-06-17T09:54:07.441849+00:00""}}",6958376eb6adb016cdae1106,2026-01-02T21:23:58.662000,2026-06-17T09:54:07.441901+00:00,anonymous,anonymous,false
68e7500c4eae3dbaf591e2fd,3cbd10cd28ea4115e2cf567a4218d574a388f2657ffd702af96b54caceb2a3d5,Labor Day Sale,,820.75,USD,paid_out,2026-06-17,rec_ad6185ce874901cd,PB_AUTO_20260617_105407,Auto-settled via settlement engine. Gross=$820.75 Fee=$0.00 Net=$820.75,"{""agent_id"": ""agent-3"", ""legacy_file"": ""Analytics_export (1).csv"", ""ingested_at"": ""2026-01-02T21:26:39.286Z"", ""settlement"": {""gross"": 820.75, ""fee"": 0.0, ""net"": 820.75, ""fee_pct"": 0, ""settled_at"": ""2026-06-17T09:54:07.442010+00:00""}}",6958376d90d32f24e387766b,2026-01-02T21:23:57.964000,2026-06-17T09:54:07.442059+00:00,anonymous,anonymous,false
68e7500c4eae3dbaf591e2db,22a947194bf98587719573578679eb063583c57175f45961ff4c8ec475eb3b8f,Direct Sales,,410,USD,paid_out,2026-06-17,rec_c84ddd960b550941,PB_AUTO_20260617_105407,Auto-settled via settlement engine. Gross=$410.00 Fee=$0.00 Net=$410.00,"{""agent_id"": ""agent-1"", ""legacy_file"": ""Analytics_export (1).csv"", ""ingested_at"": ""2026-01-02T21:26:38.441Z"", ""settlement"": {""gross"": 410.0, ""fee"": 0.0, ""net"": 410.0, ""fee_pct"": 0, ""settled_at"": ""2026-06-17T09:54:07.442168+00:00""}}",6958376c29275c1d9907e10d,2026-01-02T21:23:56.998000,2026-06-17T09:54:07.442212+00:00,anonymous,anonymous,false
68e7500c4eae3dbaf591e2f3,9f44b7f89bdd614c1627d5e978626777c32fd99f591b4d15012d08821fe6cb07,TikTok Traffic,,280.25,USD,paid_out,2026-06-17,rec_11c612109695dfd8,PB_AUTO_20260617_105407,Auto-settled via settlement engine. Gross=$280.25 Fee=$0.00 Net=$280.25,"{""agent_id"": ""agent-4"", ""legacy_file"": ""Analytics_export (1).csv"", ""ingested_at"": ""2026-01-02T21:26:37.405Z"", ""settlement"": {""gross"": 280.25, ""fee"": 0.0, ""net"": 280.25, ""fee_pct"": 0, ""settled_at"": ""2026-06-17T09:54:07.442323+00:00""}}",6958376bf8c64dd6e37687bc,2026-01-02T21:23:55.830000,2026-06-17T09:54:07.442370+00:00,anonymous,anonymous,false
68e7500c4eae3dbaf591e2f2,cb445b65d91c8f4e56610d3cf13e13da06a00058c695259f7d8b34817a0bfa85,Instagram Campaign,,615,USD,paid_out,2026-06-17,rec_0eec435da170140a,PB_AUTO_20260617_105407,Auto-settled via settlement engine. Gross=$615.00 Fee=$12.30 Net=$602.70,"{""agent_id"": ""agent-2"", ""legacy_file"": ""Analytics_export (1).csv"", ""ingested_at"": ""2026-01-02T21:26:36.784Z"", ""settlement"": {""gross"": 615.0, ""fee"": 12.3, ""net"": 602.7, ""fee_pct"": 0.02, ""settled_at"": ""2026-06-17T09:54:07.442482+00:00""}}",6958376b3cdc6b6e38d8210a,2026-01-02T21:23:55.111000,2026-06-17T09:54:07.442538+00:00,anonymous,anonymous,false
68e750acedec97285a16655e,448a7a6b889f770e553c44a87460f3d40998d5263f76862381c1ffaa1589f58d,Course Bundle Sale,,890.25,USD,paid_out,2026-06-17,rec_462769a75e807bad,PB_AUTO_20260617_105407,Auto-settled via settlement engine. Gross=$890.25 Fee=$0.00 Net=$890.25,"{""agent_id"": ""agent-2"", ""legacy_file"": ""Analytics_export (1).csv"", ""ingested_at"": ""2026-01-02T21:26:36.123Z"", ""settlement"": {""gross"": 890.25, ""fee"": 0.0, ""net"": 890.25, ""fee_pct"": 0, ""settled_at"": ""2026-06-17T09:54:07.442645+00:00""}}",6958376a3b9312ed11e7ba12,2026-01-02T21:23:54.482000,2026-06-17T09:54:07.442689+00:00,anonymous,anonymous,false
68e750acedec97285a16655c,21ed616b1418d44315c4dff39375e29cdd7f6fe88c3c7e03000e5ed76ff4d8b8,Reddit Career Advice,,215.75,USD,paid_out,2026-06-17,rec_a21153ae5636e13e,PB_AUTO_20260617_105407,Auto-settled via settlement engine. Gross=$215.75 Fee=$0.00 Net=$215.75,"{""agent_id"": ""agent-4"", ""legacy_file"": ""Analytics_export (1).csv"", ""ingested_at"": ""2026-01-02T21:26:34.980Z"", ""settlement"": {""gross"": 215.75, ""fee"": 0.0, ""net"": 215.75, ""fee_pct"": 0, ""settled_at"": ""2026-06-17T09:54:07.442803+00:00""}}",69583769f77e47fb16099c1e,2026-01-02T21:23:53.826000,2026-06-17T09:54:07.442856+00:00,anonymous,anonymous,false
68e750acedec97285a16655f,a67698054007ccdaaf6319047bdc3806f187c2d0bcc4a44e677a0dad108aa985,New Year Special,,620,USD,paid_out,2026-06-17,rec_a3039dbbdf623b38,PB_AUTO_20260617_105407,Auto-settled via settlement engine. Gross=$620.00 Fee=$0.00 Net=$620.00,"{""agent_id"": ""agent-3"", ""legacy_file"": ""Analytics_export (1).csv"", ""ingested_at"": ""2026-01-02T21:26:33.126Z"", ""settlement"": {""gross"": 620.0, ""fee"": 0.0, ""net"": 620.0, ""fee_pct"": 0, ""settled_at"": ""2026-06-17T09:54:07.442967+00:00""}}",695837681238221369f6f055,2026-01-02T21:23:52.594000,2026-06-17T09:54:07.443012+00:00,anonymous,anonymous,false
68e750acedec97285a16655d,546c46823745427ab1f78f794bca28b6a332e696cb81e1bd1aeddf5243556eda,LinkedIn New Year Posts,,445,USD,paid_out,2026-06-17,rec_dc9e21e8762151cf,PB_AUTO_20260617_105407,Auto-settled via settlement engine. Gross=$445.00 Fee=$0.00 Net=$445.00,"{""agent_id"": ""agent-1"", ""legacy_file"": ""Analytics_export (1).csv"", ""ingested_at"": ""2026-01-02T21:26:30.511Z"", ""settlement"": {""gross"": 445.0, ""fee"": 0.0, ""net"": 445.0, ""fee_pct"": 0, ""settled_at"": ""2026-06-17T09:54:07.443121+00:00""}}",69583766da59ae178e80a15a,2026-01-02T21:23:50.461000,2026-06-17T09:54:07.443166+00:00,anonymous,anonymous,false
68e750acedec97285a16655a,190b3033e8f881137ed07076218eec98c535af57835d95fb8e3c31f13b1d6c80,Affiliate Network,,325.5,USD,paid_out,2026-06-17,rec_64c7e2831a923c1e,PB_AUTO_20260617_105407,Auto-settled via settlement engine. Gross=$325.50 Fee=$16.28 Net=$309.22,"{""agent_id"": ""agent-2"", ""legacy_file"": ""Analytics_export (1).csv"", ""ingested_at"": ""2026-01-02T21:26:29.323Z"", ""settlement"": {""gross"": 325.5, ""fee"": 16.28, ""net"": 309.22, ""fee_pct"": 0.05, ""settled_at"": ""2026-06-17T09:54:07.443275+00:00""}}",69583764bf79829566d5695f,2026-01-02T21:23:48.240000,2026-06-17T09:54:07.443330+00:00,anonymous,anonymous,false
68e750acedec97285a16655b,2b47cc6a51117cab8f36b2f00f7a60f3fc0c87a3dc867118549b37b1f40c5ac2,January Resolution Sales,,750,USD,paid_out,2026-06-17,rec_c46edc288ecf707c,PB_AUTO_20260617_105407,Auto-settled via settlement engine. Gross=$750.00 Fee=$0.00 Net=$750.00,"{""agent_id"": ""agent-3"", ""legacy_file"": ""Analytics_export (1).csv"", ""ingested_at"": ""2026-01-02T21:26:27.146Z"", ""settlement"": {""gross"": 750.0, ""fee"": 0.0, ""net"": 750.0, ""fee_pct"": 0, ""settled_at"": ""2026-06-17T09:54:07.443438+00:00""}}",6958376266d3fc45a77890c2,2026-01-02T21:23:46.933000,2026-06-17T09:54:07.443481+00:00,anonymous,anonymous,false
68e750acedec97285a166559,1a7934100dbbebe464fa67f744fc4063dceb3c44154822808fb2ac75340b6059,New Year Launch,,580,USD,paid_out,2026-06-17,rec_87d18afa06bd5005,PB_AUTO_20260617_105407,Auto-settled via settlement engine. Gross=$580.00 Fee=$0.00 Net=$580.00,"{""agent_id"": ""agent-1"", ""legacy_file"": ""Analytics_export (1).csv"", ""ingested_at"": ""2026-01-02T21:26:25.563Z"", ""settlement"": {""gross"": 580.0, ""fee"": 0.0, ""net"": 580.0, ""fee_pct"": 0, ""settled_at"": ""2026-06-17T09:54:07.443589+00:00""}}",69583760c8f86b5cb4489f60,2026-01-02T21:23:44.863000,2026-06-17T09:54:07.443636+00:00,anonymous,anonymous,false
SWARM_EXEC_1767356101285_cf31f851,ffa12e58f4b0dbbf3d0942359e7ae66132d0668eadbf9be25d9bfacc6eaec8a6,swarm_commerce_v1,,158.57,USD,paid_out,2026-06-17,rec_ef9fc310282e0a23,PB_AUTO_20260617_105407,Auto-settled via settlement engine. Gross=$158.57 Fee=$3.17 Net=$155.40,"{""product_name"": ""FNTCASE iPhone 17 Case"", ""market_score"": 0.6092764398383355, ""execution_mode"": ""WET_RUN_REALITY"", ""notes"": ""Autonomous revenue generation executed by SwarmRunner."", ""settlement"": {""gross"": 158.57, ""fee"": 3.17, ""net"": 155.4, ""fee_pct"": 0.02, ""settled_at"": ""2026-06-17T09:54:07.443753+00:00""}}",6957b624d8a0cb165d7ef0c1,2026-01-02T12:12:20.470000,2026-06-17T09:54:07.443807+00:00,anonymous,anonymous,false
SWARM_EXEC_1767293194734_1051928a,793dc8c254e0b4bd80f4dcfba38324aebb1bfda6e8edaef79c6800a1c2830a8f,swarm_commerce_v1,,159.45,USD,paid_out,2026-06-17,rec_a2b9675976c67278,PB_AUTO_20260617_105407,Auto-settled via settlement engine. Gross=$159.45 Fee=$3.19 Net=$156.26,"{""product_name"": ""Abstract AI Art Pack (50pcs)"", ""market_score"": 0.6460605860317571, ""execution_mode"": ""WET_RUN_REALITY"", ""notes"": ""Autonomous revenue generation executed by SwarmRunner."", ""settlement"": {""gross"": 159.45, ""fee"": 3.19, ""net"": 156.26, ""fee_pct"": 0.02, ""settled_at"": ""2026-06-17T09:54:07.443925+00:00""}}",6956c069dcdfb13c43803684,2026-01-01T18:43:53.328000,2026-06-17T09:54:07.443977+00:00,anonymous,anonymous,false
RE_001_AGENT_COMMISSION,,agent_generated,,150,USD,paid_out,2025-12-22,,PB_001_FIRST_PAYOUT,Initial agent commission for first payout cycle.,,694974bd8ea0699ad93ab29b,2025-12-22T16:41:33.289000,2025-12-22T16:43:24.155000,6888ac155ebf84dd9855ea99,younesdgc@gmail.com,false
68e750acedec97285a166559,1a7934100dbbebe464fa67f744fc4063dceb3c44154822808fb2ac75340b6059,New Year Launch,,580,USD,paid_out,2026-06-17,rec_87d18afa06bd5005,PB_AUTO_20260617_105407,Auto-settled via settlement engine. Gross=$580.00 Fee=$0.00 Net=$580.00,"{""agent_id"": ""agent-1"", ""legacy_file"": ""Analytics_export (1).csv"", ""ingested_at"": ""2026-01-02T20:55:33.081Z"", ""settlement"": {""gross"": 580.0, ""fee"": 0.0, ""net"": 580.0, ""fee_pct"": 0, ""settled_at"": ""2026-06-17T09:54:07.444115+00:00""}}",offline_RevenueEvent_1767387333130_5402988,2026-01-02T20:55:33.130Z,2026-06-17T09:54:07.444163+00:00,offline_sync,offline_sync,false
68e750acedec97285a16655b,2b47cc6a51117cab8f36b2f00f7a60f3fc0c87a3dc867118549b37b1f40c5ac2,January Resolution Sales,,750,USD,paid_out,2026-06-17,rec_c46edc288ecf707c,PB_AUTO_20260617_105407,Auto-settled via settlement engine. Gross=$750.00 Fee=$0.00 Net=$750.00,"{""agent_id"": ""agent-3"", ""legacy_file"": ""Analytics_export (1).csv"", ""ingested_at"": ""2026-01-02T20:55:33.191Z"", ""settlement"": {""gross"": 750.0, ""fee"": 0.0, ""net"": 750.0, ""fee_pct"": 0, ""settled_at"": ""2026-06-17T09:54:07.444286+00:00""}}",offline_RevenueEvent_1767387333191_155685498,2026-01-02T20:55:33.191Z,2026-06-17T09:54:07.444332+00:00,offline_sync,offline_sync,false
68e750acedec97285a16655a,190b3033e8f881137ed07076218eec98c535af57835d95fb8e3c31f13b1d6c80,Affiliate Network,,325.5,USD,paid_out,2026-06-17,rec_64c7e2831a923c1e,PB_AUTO_20260617_105407,Auto-settled via settlement engine. Gross=$325.50 Fee=$16.28 Net=$309.22,"{""agent_id"": ""agent-2"", ""legacy_file"": ""Analytics_export (1).csv"", ""ingested_at"": ""2026-01-02T20:55:33.230Z"", ""settlement"": {""gross"": 325.5, ""fee"": 16.28, ""net"": 309.22, ""fee_pct"": 0.05, ""settled_at"": ""2026-06-17T09:54:07.444485+00:00""}}",offline_RevenueEvent_1767387333231_470779343,2026-01-02T20:55:33.231Z,2026-06-17T09:54:07.444541+00:00,offline_sync,offline_sync,false
68e750acedec97285a16655d,546c46823745427ab1f78f794bca28b6a332e696cb81e1bd1aeddf5243556eda,LinkedIn New Year Posts,,445,USD,paid_out,2026-06-17,rec_dc9e21e8762151cf,PB_AUTO_20260617_105407,Auto-settled via settlement engine. Gross=$445.00 Fee=$0.00 Net=$445.00,"{""agent_id"": ""agent-1"", ""legacy_file"": ""Analytics_export (1).csv"", ""ingested_at"": ""2026-01-02T20:55:33.272Z"", ""settlement"": {""gross"": 445.0, ""fee"": 0.0, ""net"": 445.0, ""fee_pct"": 0, ""settled_at"": ""2026-06-17T09:54:07.444651+00:00""}}",offline_RevenueEvent_1767387333272_173515611,2026-01-02T20:55:33.272Z,2026-06-17T09:54:07.444694+00:00,offline_sync,offline_sync,false
68e750acedec97285a16655f,a67698054007ccdaaf6319047bdc3806f187c2d0bcc4a44e677a0dad108aa985,New Year Special,,620,USD,paid_out,2026-06-17,rec_a3039dbbdf623b38,PB_AUTO_20260617_105407,Auto-settled via settlement engine. Gross=$620.00 Fee=$0.00 Net=$620.00,"{""agent_id"": ""agent-3"", ""legacy_file"": ""Analytics_export (1).csv"", ""ingested_at"": ""2026-01-02T20:55:33.321Z"", ""settlement"": {""gross"": 620.0, ""fee"": 0.0, ""net"": 620.0, ""fee_pct"": 0, ""settled_at"": ""2026-06-17T09:54:07.444804+00:00""}}",offline_RevenueEvent_1767387333321_317364099,2026-01-02T20:55:33.321Z,2026-06-17T09:54:07.444848+00:00,offline_sync,offline_sync,false
68e750acedec97285a16655c,21ed616b1418d44315c4dff39375e29cdd7f6fe88c3c7e03000e5ed76ff4d8b8,Reddit Career Advice,,215.75,USD,paid_out,2026-06-17,rec_a21153ae5636e13e,PB_AUTO_20260617_105407,Auto-settled via settlement engine. Gross=$215.75 Fee=$0.00 Net=$215.75,"{""agent_id"": ""agent-4"", ""legacy_file"": ""Analytics_export (1).csv"", ""ingested_at"": ""2026-01-02T20:55:33.358Z"", ""settlement"": {""gross"": 215.75, ""fee"": 0.0, ""net"": 215.75, ""fee_pct"": 0, ""settled_at"": ""2026-06-17T09:54:07.444954+00:00""}}",offline_RevenueEvent_1767387333358_184935727,2026-01-02T20:55:33.358Z,2026-06-17T09:54:07.445000+00:00,offline_sync,offline_sync,false
68e750acedec97285a16655e,448a7a6b889f770e553c44a87460f3d40998d5263f76862381c1ffaa1589f58d,Course Bundle Sale,,890.25,USD,paid_out,2026-06-17,rec_462769a75e807bad,PB_AUTO_20260617_105407,Auto-settled via settlement engine. Gross=$890.25 Fee=$0.00 Net=$890.25,"{""agent_id"": ""agent-2"", ""legacy_file"": ""Analytics_export (1).csv"", ""ingested_at"": ""2026-01-02T20:55:33.398Z"", ""settlement"": {""gross"": 890.25, ""fee"": 0.0, ""net"": 890.25, ""fee_pct"": 0, ""settled_at"": ""2026-06-17T09:54:07.445107+00:00""}}",offline_RevenueEvent_1767387333398_935730525,2026-01-02T20:55:33.398Z,2026-06-17T09:54:07.445152+00:00,offline_sync,offline_sync,false
68e7500c4eae3dbaf591e2f2,cb445b65d91c8f4e56610d3cf13e13da06a00058c695259f7d8b34817a0bfa85,Instagram Campaign,,615,USD,paid_out,2026-06-17,rec_0eec435da170140a,PB_AUTO_20260617_105407,Auto-settled via settlement engine. Gross=$615.00 Fee=$12.30 Net=$602.70,"{""agent_id"": ""agent-2"", ""legacy_file"": ""Analytics_export (1).csv"", ""ingested_at"": ""2026-01-02T20:55:33.445Z"", ""settlement"": {""gross"": 615.0, ""fee"": 12.3, ""net"": 602.7, ""fee_pct"": 0.02, ""settled_at"": ""2026-06-17T09:54:07.445259+00:00""}}",offline_RevenueEvent_1767387333445_641237425,2026-01-02T20:55:33.445Z,2026-06-17T09:54:07.445307+00:00,offline_sync,offline_sync,false
68e7500c4eae3dbaf591e2f3,9f44b7f89bdd614c1627d5e978626777c32fd99f591b4d15012d08821fe6cb07,TikTok Traffic,,280.25,USD,paid_out,2026-06-17,rec_11c612109695dfd8,PB_AUTO_20260617_105407,Auto-settled via settlement engine. Gross=$280.25 Fee=$0.00 Net=$280.25,"{""agent_id"": ""agent-4"", ""legacy_file"": ""Analytics_export (1).csv"", ""ingested_at"": ""2026-01-02T20:55:33.491Z"", ""settlement"": {""gross"": 280.25, ""fee"": 0.0, ""net"": 280.25, ""fee_pct"": 0, ""settled_at"": ""2026-06-17T09:54:07.445414+00:00""}}",offline_RevenueEvent_1767387333492_618071893,2026-01-02T20:55:33.492Z,2026-06-17T09:54:07.445459+00:00,offline_sync,offline_sync,false
68e7500c4eae3dbaf591e2db,22a947194bf98587719573578679eb063583c57175f45961ff4c8ec475eb3b8f,Direct Sales,,410,USD,paid_out,2026-06-17,rec_c84ddd960b550941,PB_AUTO_20260617_105407,Auto-settled via settlement engine. Gross=$410.00 Fee=$0.00 Net=$410.00,"{""agent_id"": ""agent-1"", ""legacy_file"": ""Analytics_export (1).csv"", ""ingested_at"": ""2026-01-02T20:55:33.539Z"", ""settlement"": {""gross"": 410.0, ""fee"": 0.0, ""net"": 410.0, ""fee_pct"": 0, ""settled_at"": ""2026-06-17T09:54:07.445571+00:00""}}",offline_RevenueEvent_1767387333540_631056142,2026-01-02T20:55:33.540Z,2026-06-17T09:54:07.445622+00:00,offline_sync,offline_sync,false
68e7500c4eae3dbaf591e2fd,3cbd10cd28ea4115e2cf567a4218d574a388f2657ffd702af96b54caceb2a3d5,Labor Day Sale,,820.75,USD,paid_out,2026-06-17,rec_ad6185ce874901cd,PB_AUTO_20260617_105407,Auto-settled via settlement engine. Gross=$820.75 Fee=$0.00 Net=$820.75,"{""agent_id"": ""agent-3"", ""legacy_file"": ""Analytics_export (1).csv"", ""ingested_at"": ""2026-01-02T20:55:33.579Z"", ""settlement"": {""gross"": 820.75, ""fee"": 0.0, ""net"": 820.75, ""fee_pct"": 0, ""settled_at"": ""2026-06-17T09:54:07.445730+00:00""}}",offline_RevenueEvent_1767387333579_403745454,2026-01-02T20:55:33.579Z,2026-06-17T09:54:07.445783+00:00,offline_sync,offline_sync,false
68e7500c4eae3dbaf591e2e0,8a6906d8359a6ac755551b1412358ccdfc9cfd178887e3b8db92dbc3283fa037,Medium Articles,,495,USD,paid_out,2026-06-17,rec_590d873b82f6eb99,PB_AUTO_20260617_105407,Auto-settled via settlement engine. Gross=$495.00 Fee=$9.90 Net=$485.10,"{""agent_id"": ""agent-2"", ""legacy_file"": ""Analytics_export (1).csv"", ""ingested_at"": ""2026-01-02T20:55:33.621Z"", ""settlement"": {""gross"": 495.0, ""fee"": 9.9, ""net"": 485.1, ""fee_pct"": 0.02, ""settled_at"": ""2026-06-17T09:54:07.445898+00:00""}}",offline_RevenueEvent_1767387333622_714120917,2026-01-02T20:55:33.622Z,2026-06-17T09:54:07.445945+00:00,offline_sync,offline_sync,false
68e7500c4eae3dbaf591e2e3,c952b81a96bab9b1474000fc68ec713e4c5fd3fd1dc99ebe49261014ccf4be0f,Quora Answers,,290.5,USD,paid_out,2026-06-17,rec_06ac7576f82d2ce4,PB_AUTO_20260617_105407,Auto-settled via settlement engine. Gross=$290.50 Fee=$0.00 Net=$290.50,"{""agent_id"": ""agent-4"", ""legacy_file"": ""Analytics_export (1).csv"", ""ingested_at"": ""2026-01-02T20:55:33.665Z"", ""settlement"": {""gross"": 290.5, ""fee"": 0.0, ""net"": 290.5, ""fee_pct"": 0, ""settled_at"": ""2026-06-17T09:54:07.446052+00:00""}}",offline_RevenueEvent_1767387333665_356148188,2026-01-02T20:55:33.665Z,2026-06-17T09:54:07.446097+00:00,offline_sync,offline_sync,false
68e7500c4eae3dbaf591e2e8,b4923567514e0dd52d1ab116742a062f7b84245fe2dc96ab005d255f03a59d53,Halloween Special,,940,USD,paid_out,2026-06-17,rec_afeacb13009c6688,PB_AUTO_20260617_105407,Auto-settled via settlement engine. Gross=$940.00 Fee=$0.00 Net=$940.00,"{""agent_id"": ""agent-3"", ""legacy_file"": ""Analytics_export (1).csv"", ""ingested_at"": ""2026-01-02T20:55:33.707Z"", ""settlement"": {""gross"": 940.0, ""fee"": 0.0, ""net"": 940.0, ""fee_pct"": 0, ""settled_at"": ""2026-06-17T09:54:07.446210+00:00""}}",offline_RevenueEvent_1767387333707_476790379,2026-01-02T20:55:33.707Z,2026-06-17T09:54:07.446258+00:00,offline_sync,offline_sync,false
68e7500c4eae3dbaf591e2ec,c33b5be69039376172578b30bbbffa47c614288962a8810b1dc7ab05997a14aa,Certification Prep,,825,USD,paid_out,2026-06-17,rec_20b277ac2ab0180f,PB_AUTO_20260617_105407,Auto-settled via settlement engine. Gross=$825.00 Fee=$0.00 Net=$825.00,"{""agent_id"": ""agent-3"", ""legacy_file"": ""Analytics_export (1).csv"", ""ingested_at"": ""2026-01-02T20:55:33.749Z"", ""settlement"": {""gross"": 825.0, ""fee"": 0.0, ""net"": 825.0, ""fee_pct"": 0, ""settled_at"": ""2026-06-17T09:54:07.446360+00:00""}}",offline_RevenueEvent_1767387333749_892870279,2026-01-02T20:55:33.749Z,2026-06-17T09:54:07.446416+00:00,offline_sync,offline_sync,false
68e7500c4eae3dbaf591e2f1,1adde508d27db30739348663fa21983500222c6d2d8198b9b3e49e0f617fef56,Partner Referral,,490.75,USD,paid_out,2026-06-17,rec_fd3a686362dc75c2,PB_AUTO_20260617_105407,Auto-settled via settlement engine. Gross=$490.75 Fee=$14.72 Net=$476.03,"{""agent_id"": ""agent-1"", ""legacy_file"": ""Analytics_export (1).csv"", ""ingested_at"": ""2026-01-02T20:55:33.800Z"", ""settlement"": {""gross"": 490.75, ""fee"": 14.72, ""net"": 476.03, ""fee_pct"": 0.03, ""settled_at"": ""2026-06-17T09:54:07.446536+00:00""}}",offline_RevenueEvent_1767387333800_772448939,2026-01-02T20:55:33.800Z,2026-06-17T09:54:07.446586+00:00,offline_sync,offline_sync,false
68e7500c4eae3dbaf591e2fa,1a9431e2b934479a335803cc158025712fdc121661f734d9a40750211c70a12f,Affiliate Network,,430,USD,paid_out,2026-06-17,rec_c3791dec002bf876,PB_AUTO_20260617_105407,Auto-settled via settlement engine. Gross=$430.00 Fee=$21.50 Net=$408.50,"{""agent_id"": ""agent-2"", ""legacy_file"": ""Analytics_export (1).csv"", ""ingested_at"": ""2026-01-02T20:55:33.856Z"", ""settlement"": {""gross"": 430.0, ""fee"": 21.5, ""net"": 408.5, ""fee_pct"": 0.05, ""settled_at"": ""2026-06-17T09:54:07.446701+00:00""}}",offline_RevenueEvent_1767387333857_890608639,2026-01-02T20:55:33.857Z,2026-06-17T09:54:07.446755+00:00,offline_sync,offline_sync,false
68e7500c4eae3dbaf591e2fc,cc09e8ee489530866a5c941495e1e9dd9f4c222b6cd75b44f245ce0996781c8e,Direct Sales,,550,USD,paid_out,2026-06-17,rec_ae65567887e83061,PB_AUTO_20260617_105407,Auto-settled via settlement engine. Gross=$550.00 Fee=$0.00 Net=$550.00,"{""agent_id"": ""agent-1"", ""legacy_file"": ""Analytics_export (1).csv"", ""ingested_at"": ""2026-01-02T20:55:33.904Z"", ""settlement"": {""gross"": 550.0, ""fee"": 0.0, ""net"": 550.0, ""fee_pct"": 0, ""settled_at"": ""2026-06-17T09:54:07.446858+00:00""}}",offline_RevenueEvent_1767387333904_163585789,2026-01-02T20:55:33.904Z,2026-06-17T09:54:07.446897+00:00,offline_sync,offline_sync,false
68e7500c4eae3dbaf591e2d6,3d4d3eaf05ac8781917953216cd51b67b958327015e2b4a574b464f3d9a40f04,Course Sales,,890.25,USD,paid_out,2026-06-17,rec_dc67baefa6fb3e21,PB_AUTO_20260617_105407,Auto-settled via settlement engine. Gross=$890.25 Fee=$0.00 Net=$890.25,"{""agent_id"": ""agent-3"", ""legacy_file"": ""Analytics_export (1).csv"", ""ingested_at"": ""2026-01-02T20:55:33.947Z"", ""settlement"": {""gross"": 890.25, ""fee"": 0.0, ""net"": 890.25, ""fee_pct"": 0, ""settled_at"": ""2026-06-17T09:54:07.446992+00:00""}}",offline_RevenueEvent_1767387333947_276539868,2026-01-02T20:55:33.947Z,2026-06-17T09:54:07.447039+00:00,offline_sync,offline_sync,false
68e7500c4eae3dbaf591e2f6,3f7264656e28375bfb2e4f355ea9d93305e48c274a44bf7e728adf35a96b96bb,LinkedIn Networking,,540,USD,paid_out,2026-06-17,rec_1bad8c5f4aa34c8e,PB_AUTO_20260617_105407,Auto-settled via settlement engine. Gross=$540.00 Fee=$0.00 Net=$540.00,"{""agent_id"": ""agent-2"", ""legacy_file"": ""Analytics_export (1).csv"", ""ingested_at"": ""2026-01-02T20:55:33.988Z"", ""settlement"": {""gross"": 540.0, ""fee"": 0.0, ""net"": 540.0, ""fee_pct"": 0, ""settled_at"": ""2026-06-17T09:54:07.447131+00:00""}}",offline_RevenueEvent_1767387333988_717643719,2026-01-02T20:55:33.988Z,2026-06-17T09:54:07.447169+00:00,offline_sync,offline_sync,false
68e7500c4eae3dbaf591e2f8,59e6e4716a2804f8ffa539a40c9989ddc434bf6374eb5cd788ffb300de0e98e9,Corporate Package,,660,USD,paid_out,2026-06-17,rec_d8515a95f9563337,PB_AUTO_20260617_105407,Auto-settled via settlement engine. Gross=$660.00 Fee=$0.00 Net=$660.00,"{""agent_id"": ""agent-1"", ""legacy_file"": ""Analytics_export (1).csv"", ""ingested_at"": ""2026-01-02T20:55:34.029Z"", ""settlement"": {""gross"": 660.0, ""fee"": 0.0, ""net"": 660.0, ""fee_pct"": 0, ""settled_at"": ""2026-06-17T09:54:07.447257+00:00""}}",offline_RevenueEvent_1767387334029_155242423,2026-01-02T20:55:34.029Z,2026-06-17T09:54:07.447293+00:00,offline_sync,offline_sync,false
68e7500c4eae3dbaf591e2d4,a29d8d5bbce1748468e0335e08063af7476c2f7961cd12ef453593f12efd454e,realworldcerts.com,,450.5,USD,paid_out,2026-06-17,rec_ecbf6ad3fd3c3acd,PB_AUTO_20260617_105407,Auto-settled via settlement engine. Gross=$450.50 Fee=$0.00 Net=$450.50,"{""agent_id"": ""agent-1"", ""legacy_file"": ""Analytics_export (1).csv"", ""ingested_at"": ""2026-01-02T20:55:34.078Z"", ""settlement"": {""gross"": 450.5, ""fee"": 0.0, ""net"": 450.5, ""fee_pct"": 0, ""settled_at"": ""2026-06-17T09:54:07.447394+00:00""}}",offline_RevenueEvent_1767387334078_714042681,2026-01-02T20:55:34.078Z,2026-06-17T09:54:07.447449+00:00,offline_sync,offline_sync,false
68e7500c4eae3dbaf591e2e4,74c26a427cde4e36c80ace3f749c412519e6e4dd9ac2e9dde81b7b35d3b872ad,LinkedIn Posts,,560,USD,paid_out,2026-06-17,rec_c706341259904a9e,PB_AUTO_20260617_105407,Auto-settled via settlement engine. Gross=$560.00 Fee=$0.00 Net=$560.00,"{""agent_id"": ""agent-2"", ""legacy_file"": ""Analytics_export (1).csv"", ""ingested_at"": ""2026-01-02T20:55:34.245Z"", ""settlement"": {""gross"": 560.0, ""fee"": 0.0, ""net"": 560.0, ""fee_pct"": 0, ""settled_at"": ""2026-06-17T09:54:07.448045+00:00""}}",offline_RevenueEvent_1767387334245_120543666,2026-01-02T20:55:34.245Z,2026-06-17T09:54:07.448121+00:00,offline_sync,offline_sync,false
68e7500c4eae3dbaf591e2ef,222411cb947da1229a1d937d25fd0abca707550b3b18fecab5d939d631f8c876,Discord Community,,360.5,USD,paid_out,2026-06-17,rec_2b6bba02edd1ce76,PB_AUTO_20260617_105407,Auto-settled via settlement engine. Gross=$360.50 Fee=$0.00 Net=$360.50,"{""agent_id"": ""agent-4"", ""legacy_file"": ""Analytics_export (1).csv"", ""ingested_at"": ""2026-01-02T20:55:34.317Z"", ""settlement"": {""gross"": 360.5, ""fee"": 0.0, ""net"": 360.5, ""fee_pct"": 0, ""settled_at"": ""2026-06-17T09:54:07.448248+00:00""}}",offline_RevenueEvent_1767387334318_511516710,2026-01-02T20:55:34.318Z,2026-06-17T09:54:07.448296+00:00,offline_sync,offline_sync,false
68e7500c4eae3dbaf591e2e9,52289a5bc25ff0ae1b6449f8c32d90eeb7dda84fc7ac898bd38dbc72937e11d5,Affiliate Sales,,580.5,USD,paid_out,2026-06-17,rec_ca5fb9811056af20,PB_AUTO_20260617_105407,Auto-settled via settlement engine. Gross=$580.50 Fee=$29.03 Net=$551.47,"{""agent_id"": ""agent-1"", ""legacy_file"": ""Analytics_export (1).csv"", ""ingested_at"": ""2026-01-02T20:55:34.367Z"", ""settlement"": {""gross"": 580.5, ""fee"": 29.03, ""net"": 551.47, ""fee_pct"": 0.05, ""settled_at"": ""2026-06-17T09:54:07.448499+00:00""}}",offline_RevenueEvent_1767387334367_395375367,2026-01-02T20:55:34.367Z,2026-06-17T09:54:07.448559+00:00,offline_sync,offline_sync,false
68e7500c4eae3dbaf591e2ea,7d46afbc217500923c4559f843e3a1af0f0e2889dc9cd34bb614879ec7bb825c,Corporate Training,,670,USD,paid_out,2026-06-17,rec_26472b5f0fccbd77,PB_AUTO_20260617_105407,Auto-settled via settlement engine. Gross=$670.00 Fee=$0.00 Net=$670.00,"{""agent_id"": ""agent-2"", ""legacy_file"": ""Analytics_export (1).csv"", ""ingested_at"": ""2026-01-02T20:55:34.410Z"", ""settlement"": {""gross"": 670.0, ""fee"": 0.0, ""net"": 670.0, ""fee_pct"": 0, ""settled_at"": ""2026-06-17T09:54:07.448674+00:00""}}",offline_RevenueEvent_1767387334410_610440669,2026-01-02T20:55:34.410Z,2026-06-17T09:54:07.448723+00:00,offline_sync,offline_sync,false
68e7500c4eae3dbaf591e2ee,2434aa255e2a4ae5a17e703b5fb931205b9037955cd6118c25e6c830bba0335c,Email Campaign,,520,USD,paid_out,2026-06-17,rec_bcd3cbd74b389224,PB_AUTO_20260617_105407,Auto-settled via settlement engine. Gross=$520.00 Fee=$0.00 Net=$520.00,"{""agent_id"": ""agent-2"", ""legacy_file"": ""Analytics_export (1).csv"", ""ingested_at"": ""2026-01-02T20:55:34.458Z"", ""settlement"": {""gross"": 520.0, ""fee"": 0.0, ""net"": 520.0, ""fee_pct"": 0, ""settled_at"": ""2026-06-17T09:54:07.448838+00:00""}}",offline_RevenueEvent_1767387334458_133930189,2026-01-02T20:55:34.458Z,2026-06-17T09:54:07.448883+00:00,offline_sync,offline_sync,false
68e7500c4eae3dbaf591e2f5,da978b0046aa2808d14739789acfadc5aa94829672afaf1eb9cf71d90efacb6a,Bulk Course Sales,,885.5,USD,paid_out,2026-06-17,rec_53738db4fc7b3969,PB_AUTO_20260617_105407,Auto-settled via settlement engine. Gross=$885.50 Fee=$17.71 Net=$867.79,"{""agent_id"": ""agent-3"", ""legacy_file"": ""Analytics_export (1).csv"", ""ingested_at"": ""2026-01-02T20:55:34.508Z"", ""settlement"": {""gross"": 885.5, ""fee"": 17.71, ""net"": 867.79, ""fee_pct"": 0.02, ""settled_at"": ""2026-06-17T09:54:07.448984+00:00""}}",offline_RevenueEvent_1767387334508_837229777,2026-01-02T20:55:34.508Z,2026-06-17T09:54:07.449029+00:00,offline_sync,offline_sync,false
68e7500c4eae3dbaf591e2f9,41d0a5ea637e2a6c8918a92a31928d4b13475f2abb201438e2d841dbbd84398f,Premium Courses,,795.25,USD,paid_out,2026-06-17,rec_1f3226dc68869d8e,PB_AUTO_20260617_105407,Auto-settled via settlement engine. Gross=$795.25 Fee=$0.00 Net=$795.25,"{""agent_id"": ""agent-3"", ""legacy_file"": ""Analytics_export (1).csv"", ""ingested_at"": ""2026-01-02T20:55:34.548Z"", ""settlement"": {""gross"": 795.25, ""fee"": 0.0, ""net"": 795.25, ""fee_pct"": 0, ""settled_at"": ""2026-06-17T09:54:07.449125+00:00""}}",offline_RevenueEvent_1767387334548_733748830,2026-01-02T20:55:34.548Z,2026-06-17T09:54:07.449164+00:00,offline_sync,offline_sync,false
68e7500c4eae3dbaf591e2d5,ad51815fe1203e124012f131894d71210ad346c8f35de0372b8eb6a7e8fcfd5c,Affiliate Network,,275,USD,paid_out,2026-06-17,rec_6684ebe0e09b9c51,PB_AUTO_20260617_105407,Auto-settled via settlement engine. Gross=$275.00 Fee=$13.75 Net=$261.25,"{""agent_id"": ""agent-2"", ""legacy_file"": ""Analytics_export (1).csv"", ""ingested_at"": ""2026-01-02T20:55:34.592Z"", ""settlement"": {""gross"": 275.0, ""fee"": 13.75, ""net"": 261.25, ""fee_pct"": 0.05, ""settled_at"": ""2026-06-17T09:54:07.449267+00:00""}}",offline_RevenueEvent_1767387334592_905918304,2026-01-02T20:55:34.592Z,2026-06-17T09:54:07.449317+00:00,offline_sync,offline_sync,false
68e7500c4eae3dbaf591e2dd,8e95fab67f7d109c8e9a6a6f58379267ee723b10757376c76f7cf616642b11c8,Holiday Campaign,,1250.5,USD,paid_out,2026-06-17,rec_028d6af9b2e2681e,PB_AUTO_20260617_105407,Auto-settled via settlement engine. Gross=$1250.50 Fee=$0.00 Net=$1250.50,"{""agent_id"": ""agent-3"", ""legacy_file"": ""Analytics_export (1).csv"", ""ingested_at"": ""2026-01-02T20:55:34.632Z"", ""settlement"": {""gross"": 1250.5, ""fee"": 0.0, ""net"": 1250.5, ""fee_pct"": 0, ""settled_at"": ""2026-06-17T09:54:07.449420+00:00""}}",offline_RevenueEvent_1767387334632_117905170,2026-01-02T20:55:34.632Z,2026-06-17T09:54:07.449463+00:00,offline_sync,offline_sync,false
68e7500c4eae3dbaf591e2e7,c18675dbcc491cad3a6a16baac3fb7abfed84e076338b6823becc91275951a93,Reddit Community,,310.25,USD,paid_out,2026-06-17,rec_ac16421b1d3cf8aa,PB_AUTO_20260617_105407,Auto-settled via settlement engine. Gross=$310.25 Fee=$0.00 Net=$310.25,"{""agent_id"": ""agent-4"", ""legacy_file"": ""Analytics_export (1).csv"", ""ingested_at"": ""2026-01-02T20:55:34.676Z"", ""settlement"": {""gross"": 310.25, ""fee"": 0.0, ""net"": 310.25, ""fee_pct"": 0, ""settled_at"": ""2026-06-17T09:54:07.449587+00:00""}}",offline_RevenueEvent_1767387334676_226153105,2026-01-02T20:55:34.676Z,2026-06-17T09:54:07.449629+00:00,offline_sync,offline_sync,false
68e7500c4eae3dbaf591e2f7,f9eb4e4ccaae2aac13eadd5e0c05ec39837e36b344ab1fa4f858d967067a1b36,Community Forum,,315.75,USD,paid_out,2026-06-17,rec_400ec173541603f1,PB_AUTO_20260617_105407,Auto-settled via settlement engine. Gross=$315.75 Fee=$0.00 Net=$315.75,"{""agent_id"": ""agent-4"", ""legacy_file"": ""Analytics_export (1).csv"", ""ingested_at"": ""2026-01-02T20:55:34.719Z"", ""settlement"": {""gross"": 315.75, ""fee"": 0.0, ""net"": 315.75, ""fee_pct"": 0, ""settled_at"": ""2026-06-17T09:54:07.449731+00:00""}}",offline_RevenueEvent_1767387334719_899198622,2026-01-02T20:55:34.719Z,2026-06-17T09:54:07.449855+00:00,offline_sync,offline_sync,false
68e7500c4eae3dbaf591e2fe,3856415974aa3f0b69964ad5648e36eeb1116da33853732751bde13c077aa22b,SEO Traffic,,485,USD,paid_out,2026-06-17,rec_80ddc6cfd61a7b86,PB_AUTO_20260617_105407,Auto-settled via settlement engine. Gross=$485.00 Fee=$0.00 Net=$485.00,"{""agent_id"": ""agent-2"", ""legacy_file"": ""Analytics_export (1).csv"", ""ingested_at"": ""2026-01-02T20:55:34.763Z"", ""settlement"": {""gross"": 485.0, ""fee"": 0.0, ""net"": 485.0, ""fee_pct"": 0, ""settled_at"": ""2026-06-17T09:54:07.449967+00:00""}}",offline_RevenueEvent_1767387334763_930990242,2026-01-02T20:55:34.763Z,2026-06-17T09:54:07.450010+00:00,offline_sync,offline_sync,false
68e7500c4eae3dbaf591e2d9,dc42b11d391178686d44f0d98a6ef97b875366afe76ef3211ac4b1807d08d12f,LinkedIn B2B,,520,USD,paid_out,2026-06-17,rec_160f123868c530e1,PB_AUTO_20260617_105407,Auto-settled via settlement engine. Gross=$520.00 Fee=$0.00 Net=$520.00,"{""agent_id"": ""agent-2"", ""legacy_file"": ""Analytics_export (1).csv"", ""ingested_at"": ""2026-01-02T20:55:34.807Z"", ""settlement"": {""gross"": 520.0, ""fee"": 0.0, ""net"": 520.0, ""fee_pct"": 0, ""settled_at"": ""2026-06-17T09:54:07.450106+00:00""}}",offline_RevenueEvent_1767387334807_693241563,2026-01-02T20:55:34.807Z,2026-06-17T09:54:07.450147+00:00,offline_sync,offline_sync,false
68e7500c4eae3dbaf591e2dc,d6214b88b2165ded97e22466e4a288c03035f94b6099d9fdf9bc90a0215a994c,Black Friday Sales,,780,USD,paid_out,2026-06-17,rec_6049504d8aca572f,PB_AUTO_20260617_105407,Auto-settled via settlement engine. Gross=$780.00 Fee=$0.00 Net=$780.00,"{""agent_id"": ""agent-2"", ""legacy_file"": ""Analytics_export (1).csv"", ""ingested_at"": ""2026-01-02T20:55:34.848Z"", ""settlement"": {""gross"": 780.0, ""fee"": 0.0, ""net"": 780.0, ""fee_pct"": 0, ""settled_at"": ""2026-06-17T09:54:07.450246+00:00""}}",offline_RevenueEvent_1767387334848_585200165,2026-01-02T20:55:34.848Z,2026-06-17T09:54:07.450287+00:00,offline_sync,offline_sync,false
68e7500c4eae3dbaf591e2d8,e12c527726730423793126821de62b3793a2961a3a32677f781dd592269e4f96,Reddit Traffic,,150.75,USD,paid_out,2026-06-17,rec_d457e00d3f2ba309,PB_AUTO_20260617_105407,Auto-settled via settlement engine. Gross=$150.75 Fee=$0.00 Net=$150.75,"{""agent_id"": ""agent-4"", ""legacy_file"": ""Analytics_export (1).csv"", ""ingested_at"": ""2026-01-02T20:55:34.893Z"", ""settlement"": {""gross"": 150.75, ""fee"": 0.0, ""net"": 150.75, ""fee_pct"": 0, ""settled_at"": ""2026-06-17T09:54:07.450381+00:00""}}",offline_RevenueEvent_1767387334893_303231049,2026-01-02T20:55:34.893Z,2026-06-17T09:54:07.450431+00:00,offline_sync,offline_sync,false
68e7500c4eae3dbaf591e2e5,8a87979f426a24389f688f2156a495f1f93630ad2bbb580de1d877f401e52b7d,YouTube Traffic,,715.75,USD,paid_out,2026-06-17,rec_58ba49c80985cca8,PB_AUTO_20260617_105407,Auto-settled via settlement engine. Gross=$715.75 Fee=$14.31 Net=$701.44,"{""agent_id"": ""agent-3"", ""legacy_file"": ""Analytics_export (1).csv"", ""ingested_at"": ""2026-01-02T20:55:34.933Z"", ""settlement"": {""gross"": 715.75, ""fee"": 14.31, ""net"": 701.44, ""fee_pct"": 0.02, ""settled_at"": ""2026-06-17T09:54:07.450546+00:00""}}",offline_RevenueEvent_1767387334933_479573563,2026-01-02T20:55:34.933Z,2026-06-17T09:54:07.450595+00:00,offline_sync,offline_sync,false
68e7500c4eae3dbaf591e2da,59e506b4e8e26afab0337e0c75190aa6d9bcc1cd66661e154e324e91022e5211,YouTube Referrals,,680.5,USD,paid_out,2026-06-17,rec_4474f62bf8af5973,PB_AUTO_20260617_105407,Auto-settled via settlement engine. Gross=$680.50 Fee=$20.41 Net=$660.09,"{""agent_id"": ""agent-3"", ""legacy_file"": ""Analytics_export (1).csv"", ""ingested_at"": ""2026-01-02T20:55:34.980Z"", ""settlement"": {""gross"": 680.5, ""fee"": 20.41, ""net"": 660.09, ""fee_pct"": 0.03, ""settled_at"": ""2026-06-17T09:54:07.450692+00:00""}}",offline_RevenueEvent_1767387334980_177269590,2026-01-02T20:55:34.980Z,2026-06-17T09:54:07.450735+00:00,offline_sync,offline_sync,false
68e7500c4eae3dbaf591e2df,9e3eff7b576c9402c8dcec7dedf6ea31093e170f83b26273a99f344197da2164,Twitter Campaign,,340.75,USD,paid_out,2026-06-17,rec_6af58ea2880f2fc6,PB_AUTO_20260617_105407,Auto-settled via settlement engine. Gross=$340.75 Fee=$0.00 Net=$340.75,"{""agent_id"": ""agent-4"", ""legacy_file"": ""Analytics_export (1).csv"", ""ingested_at"": ""2026-01-02T20:55:35.025Z"", ""settlement"": {""gross"": 340.75, ""fee"": 0.0, ""net"": 340.75, ""fee_pct"": 0, ""settled_at"": ""2026-06-17T09:54:07.450835+00:00""}}",offline_RevenueEvent_1767387335026_732917776,2026-01-02T20:55:35.026Z,2026-06-17T09:54:07.450874+00:00,offline_sync,offline_sync,false
68e7500c4eae3dbaf591e2de,719dfcdcbd40d94633a13a57927f3fef84def8d0eb4f3d3d2c28543f140f4662,Affiliate Commission,,620,USD,paid_out,2026-06-17,rec_9165826610f6a603,PB_AUTO_20260617_105407,Auto-settled via settlement engine. Gross=$620.00 Fee=$31.00 Net=$589.00,"{""agent_id"": ""agent-1"", ""legacy_file"": ""Analytics_export (1).csv"", ""ingested_at"": ""2026-01-02T20:55:35.068Z"", ""settlement"": {""gross"": 620.0, ""fee"": 31.0, ""net"": 589.0, ""fee_pct"": 0.05, ""settled_at"": ""2026-06-17T09:54:07.450975+00:00""}}",offline_RevenueEvent_1767387335068_762353579,2026-01-02T20:55:35.068Z,2026-06-17T09:54:07.451014+00:00,offline_sync,offline_sync,false
68e7500c4eae3dbaf591e2d7,7d32390f8e69ecb67000918ae625bc3af2dbb36230ae046b3a0db53405ce14cd,realworldcerts.com,,325,USD,paid_out,2026-06-17,rec_d6b3821247503c7d,PB_AUTO_20260617_105407,Auto-settled via settlement engine. Gross=$325.00 Fee=$0.00 Net=$325.00,"{""agent_id"": ""agent-1"", ""legacy_file"": ""Analytics_export (1).csv"", ""ingested_at"": ""2026-01-02T20:55:35.106Z"", ""settlement"": {""gross"": 325.0, ""fee"": 0.0, ""net"": 325.0, ""fee_pct"": 0, ""settled_at"": ""2026-06-17T09:54:07.451118+00:00""}}",offline_RevenueEvent_1767387335107_74047376,2026-01-02T20:55:35.107Z,2026-06-17T09:54:07.451170+00:00,offline_sync,offline_sync,false
68e7500c4eae3dbaf591e2e1,c82c714c59ef34d12594bc4ff846374b6f88b4d57d47c2d4abc7bbdf7c85a1d1,Course Bundle,,825.25,USD,paid_out,2026-06-17,rec_45f7f907160e7fab,PB_AUTO_20260617_105407,Auto-settled via settlement engine. Gross=$825.25 Fee=$0.00 Net=$825.25,"{""agent_id"": ""agent-3"", ""legacy_file"": ""Analytics_export (1).csv"", ""ingested_at"": ""2026-01-02T20:55:35.147Z"", ""settlement"": {""gross"": 825.25, ""fee"": 0.0, ""net"": 825.25, ""fee_pct"": 0, ""settled_at"": ""2026-06-17T09:54:07.451388+00:00""}}",offline_RevenueEvent_1767387335147_605044519,2026-01-02T20:55:35.147Z,2026-06-17T09:54:07.451433+00:00,offline_sync,offline_sync,false
68e7500c4eae3dbaf591e2e2,011f7b4be1f5d2338f020f7e21c46436dcd443fda3e5ee343b6d969c1ad9b8cb,realworldcerts.com,,380,USD,paid_out,2026-06-17,rec_65f13bd3e098e838,PB_AUTO_20260617_105407,Auto-settled via settlement engine. Gross=$380.00 Fee=$0.00 Net=$380.00,"{""agent_id"": ""agent-1"", ""legacy_file"": ""Analytics_export (1).csv"", ""ingested_at"": ""2026-01-02T20:55:35.194Z"", ""settlement"": {""gross"": 380.0, ""fee"": 0.0, ""net"": 380.0, ""fee_pct"": 0, ""settled_at"": ""2026-06-17T09:54:07.451557+00:00""}}",offline_RevenueEvent_1767387335194_947257456,2026-01-02T20:55:35.194Z,2026-06-17T09:54:07.451599+00:00,offline_sync,offline_sync,false
68e7500c4eae3dbaf591e2eb,a5788b1ef39061939cb43752d86cfd65eac410a9f22660ab0e0da7e4dfcb2103,Facebook Ads,,395.75,USD,paid_out,2026-06-17,rec_658abf38137ee973,PB_AUTO_20260617_105407,Auto-settled via settlement engine. Gross=$395.75 Fee=$7.92 Net=$387.83,"{""agent_id"": ""agent-4"", ""legacy_file"": ""Analytics_export (1).csv"", ""ingested_at"": ""2026-01-02T20:55:35.237Z"", ""settlement"": {""gross"": 395.75, ""fee"": 7.92, ""net"": 387.83, ""fee_pct"": 0.02, ""settled_at"": ""2026-06-17T09:54:07.451706+00:00""}}",offline_RevenueEvent_1767387335237_198209446,2026-01-02T20:55:35.237Z,2026-06-17T09:54:07.451753+00:00,offline_sync,offline_sync,false
68e7500c4eae3dbaf591e2ed,f071a9e245708021fec2da7aa3246238a03481433c4f1f2f4427a8a54f277614,realworldcerts.com,,445.25,USD,paid_out,2026-06-17,rec_2e0ae443726e166f,PB_AUTO_20260617_105407,Auto-settled via settlement engine. Gross=$445.25 Fee=$0.00 Net=$445.25,"{""agent_id"": ""agent-1"", ""legacy_file"": ""Analytics_export (1).csv"", ""ingested_at"": ""2026-01-02T20:55:35.281Z"", ""settlement"": {""gross"": 445.25, ""fee"": 0.0, ""net"": 445.25, ""fee_pct"": 0, ""settled_at"": ""2026-06-17T09:54:07.451853+00:00""}}",offline_RevenueEvent_1767387335281_788636331,2026-01-02T20:55:35.281Z,2026-06-17T09:54:07.451896+00:00,offline_sync,offline_sync,false
68e7500c4eae3dbaf591e2f4,90b30ee1cbbc718bed6b41c9cb722e2b0ed63f4080731029b74f7caedb1f78e8,End of Q3 Push,,720,USD,paid_out,2026-06-17,rec_64e1b007d0cf69c4,PB_AUTO_20260617_105407,Auto-settled via settlement engine. Gross=$720.00 Fee=$0.00 Net=$720.00,"{""agent_id"": ""agent-1"", ""legacy_file"": ""Analytics_export (1).csv"", ""ingested_at"": ""2026-01-02T20:55:35.322Z"", ""settlement"": {""gross"": 720.0, ""fee"": 0.0, ""net"": 720.0, ""fee_pct"": 0, ""settled_at"": ""2026-06-17T09:54:07.451992+00:00""}}",offline_RevenueEvent_1767387335322_117833005,2026-01-02T20:55:35.322Z,2026-06-17T09:54:07.452032+00:00,offline_sync,offline_sync,false
68e7500c4eae3dbaf591e2e6,a7a8a8d51d7cf5244d0561dd833c81ad842cbb644f15eab96bfa72959657b999,Direct Marketing,,425,USD,paid_out,2026-06-17,rec_43d3ec07b8e7b064,PB_AUTO_20260617_105407,Auto-settled via settlement engine. Gross=$425.00 Fee=$0.00 Net=$425.00,"{""agent_id"": ""agent-1"", ""legacy_file"": ""Analytics_export (1).csv"", ""ingested_at"": ""2026-01-02T20:55:35.374Z"", ""settlement"": {""gross"": 425.0, ""fee"": 0.0, ""net"": 425.0, ""fee_pct"": 0, ""settled_at"": ""2026-06-17T09:54:07.452132+00:00""}}",offline_RevenueEvent_1767387335374_463074997,2026-01-02T20:55:35.374Z,2026-06-17T09:54:07.452178+00:00,offline_sync,offline_sync,false
68e7500c4eae3dbaf591e2f0,29ac164c4127ae3901508fa1a7342b4edceba11a0c204f254e1fe9867dacddfb,Webinar Sales,,755,USD,paid_out,2026-06-17,rec_f83b1c8e98b57809,PB_AUTO_20260617_105407,Auto-settled via settlement engine. Gross=$755.00 Fee=$0.00 Net=$755.00,"{""agent_id"": ""agent-3"", ""legacy_file"": ""Analytics_export (1).csv"", ""ingested_at"": ""2026-01-02T20:55:35.438Z"", ""settlement"": {""gross"": 755.0, ""fee"": 0.0, ""net"": 755.0, ""fee_pct"": 0, ""settled_at"": ""2026-06-17T09:54:07.452271+00:00""}}",offline_RevenueEvent_1767387335438_270794293,2026-01-02T20:55:35.438Z,2026-06-17T09:54:07.452308+00:00,offline_sync,offline_sync,false
68e7500c4eae3dbaf591e2fb,a7475f24e94020d66b7637084c7d7fbc4e86ea6b3f6669d1677cbb1e20f8ef08,YouTube Sponsors,,375.5,USD,paid_out,2026-06-17,rec_697aff8d76788c22,PB_AUTO_20260617_105407,Auto-settled via settlement engine. Gross=$375.50 Fee=$7.51 Net=$367.99,"{""agent_id"": ""agent-4"", ""legacy_file"": ""Analytics_export (1).csv"", ""ingested_at"": ""2026-01-02T20:55:35.499Z"", ""settlement"": {""gross"": 375.5, ""fee"": 7.51, ""net"": 367.99, ""fee_pct"": 0.02, ""settled_at"": ""2026-06-17T09:54:07.452411+00:00""}}",offline_RevenueEvent_1767387335499_240297324,2026-01-02T20:55:35.499Z,2026-06-17T09:54:07.452456+00:00,offline_sync,offline_sync,false
68e0f56d5a1c0e13fda4321f,52f2ac613039f0e9f855678d336450cc63630c9f50d40da8954f4d953964af08,Affiliate Program,,275,USD,paid_out,2026-06-17,rec_08622df9d9582f0d,PB_AUTO_20260617_105407,Auto-settled via settlement engine. Gross=$275.00 Fee=$13.75 Net=$261.25,"{""agent_id"": ""agent-2"", ""legacy_file"": ""Analytics_export (1).csv"", ""ingested_at"": ""2026-01-02T20:55:35.559Z"", ""settlement"": {""gross"": 275.0, ""fee"": 13.75, ""net"": 261.25, ""fee_pct"": 0.05, ""settled_at"": ""2026-06-17T09:54:07.452762+00:00""}}",offline_RevenueEvent_1767387335559_194787417,2026-01-02T20:55:35.559Z,2026-06-17T09:54:07.452825+00:00,offline_sync,offline_sync,false
68e0f56d5a1c0e13fda43221,ff56fa65b9b582f703a5354cab0113e9054d04af2e3250f3e5176fa3835828f8,realworldcerts.com,,325,USD,paid_out,2026-06-17,rec_cc117755d5e3fc2b,PB_AUTO_20260617_105407,Auto-settled via settlement engine. Gross=$325.00 Fee=$0.00 Net=$325.00,"{""agent_id"": ""agent-1"", ""legacy_file"": ""Analytics_export (1).csv"", ""ingested_at"": ""2026-01-02T20:55:35.601Z"", ""settlement"": {""gross"": 325.0, ""fee"": 0.0, ""net"": 325.0, ""fee_pct"": 0, ""settled_at"": ""2026-06-17T09:54:07.453060+00:00""}}",offline_RevenueEvent_1767387335601_838479024,2026-01-02T20:55:35.601Z,2026-06-17T09:54:07.453109+00:00,offline_sync,offline_sync,false
68e0f56d5a1c0e13fda43222,e128f691e5241bf5f2d1345b844c0aff5acc118f801aae7e43bafc64c294c5ad,Reddit Conversions,,150.75,USD,paid_out,2026-06-17,rec_4e2d607d4008458e,PB_AUTO_20260617_105407,Auto-settled via settlement engine. Gross=$150.75 Fee=$0.00 Net=$150.75,"{""agent_id"": ""agent-4"", ""legacy_file"": ""Analytics_export (1).csv"", ""ingested_at"": ""2026-01-02T20:55:35.644Z"", ""settlement"": {""gross"": 150.75, ""fee"": 0.0, ""net"": 150.75, ""fee_pct"": 0, ""settled_at"": ""2026-06-17T09:54:07.453272+00:00""}}",offline_RevenueEvent_1767387335644_375105086,2026-01-02T20:55:35.644Z,2026-06-17T09:54:07.453346+00:00,offline_sync,offline_sync,false
68e0f56d5a1c0e13fda43224,7071a4a7f666738bf901f015b90c237881dfc4682bb419e1a8641ec7ed7cbdd1,YouTube Referrals,,680.5,USD,paid_out,2026-06-17,rec_f07be5d865e5ebb0,PB_AUTO_20260617_105407,Auto-settled via settlement engine. Gross=$680.50 Fee=$20.41 Net=$660.09,"{""agent_id"": ""agent-3"", ""legacy_file"": ""Analytics_export (1).csv"", ""ingested_at"": ""2026-01-02T20:55:35.686Z"", ""settlement"": {""gross"": 680.5, ""fee"": 20.41, ""net"": 660.09, ""fee_pct"": 0.03, ""settled_at"": ""2026-06-17T09:54:07.453479+00:00""}}",offline_RevenueEvent_1767387335686_255296822,2026-01-02T20:55:35.686Z,2026-06-17T09:54:07.453535+00:00,offline_sync,offline_sync,false
68e0f56d5a1c0e13fda43220,37eb2200de26fe52655cf07081d123d8033af2cf2886ad4261e624e808692612,Course Sales,,890.25,USD,paid_out,2026-06-17,rec_814c8fd2ab770ceb,PB_AUTO_20260617_105407,Auto-settled via settlement engine. Gross=$890.25 Fee=$0.00 Net=$890.25,"{""agent_id"": ""agent-3"", ""legacy_file"": ""Analytics_export (1).csv"", ""ingested_at"": ""2026-01-02T20:55:35.725Z"", ""settlement"": {""gross"": 890.25, ""fee"": 0.0, ""net"": 890.25, ""fee_pct"": 0, ""settled_at"": ""2026-06-17T09:54:07.453663+00:00""}}",offline_RevenueEvent_1767387335726_221984755,2026-01-02T20:55:35.726Z,2026-06-17T09:54:07.453718+00:00,offline_sync,offline_sync,false
68e0f56d5a1c0e13fda4321e,663d8e54c5e09981515b18f61de05c3ab961ae63eb555d7b42a0c5e26791fd8a,realworldcerts.com,,450.5,USD,paid_out,2026-06-17,rec_fcc3b396d410c18a,PB_AUTO_20260617_105407,Auto-settled via settlement engine. Gross=$450.50 Fee=$0.00 Net=$450.50,"{""agent_id"": ""agent-1"", ""legacy_file"": ""Analytics_export (1).csv"", ""ingested_at"": ""2026-01-02T20:55:35.765Z"", ""settlement"": {""gross"": 450.5, ""fee"": 0.0, ""net"": 450.5, ""fee_pct"": 0, ""settled_at"": ""2026-06-17T09:54:07.453851+00:00""}}",offline_RevenueEvent_1767387335766_985067548,2026-01-02T20:55:35.766Z,2026-06-17T09:54:07.453907+00:00,offline_sync,offline_sync,false
68e0f56d5a1c0e13fda43223,54112a85fe25b3238afe5d490bdfb046bf42ec84ab22c5416f8b108648168629,LinkedIn Traffic,,520,USD,paid_out,2026-06-17,rec_ac2188d97ed2066b,PB_AUTO_20260617_105407,Auto-settled via settlement engine. Gross=$520.00 Fee=$0.00 Net=$520.00,"{""agent_id"": ""agent-2"", ""legacy_file"": ""Analytics_export (1).csv"", ""ingested_at"": ""2026-01-02T20:55:35.804Z"", ""settlement"": {""gross"": 520.0, ""fee"": 0.0, ""net"": 520.0, ""fee_pct"": 0, ""settled_at"": ""2026-06-17T09:54:07.454053+00:00""}}",offline_RevenueEvent_1767387335804_455221258,2026-01-02T20:55:35.804Z,2026-06-17T09:54:07.454106+00:00,offline_sync,offline_sync,false
68bbde98768731d1ecd410c0,2e67f31d06d7002c2c1e22e3e0cc08ad2017abe5b9acdfccbce2edfacdbb8f48,Multiple,,2840,USD,paid_out,2026-06-17,rec_e663fc2a841400f3,PB_AUTO_20260617_105407,Auto-settled via settlement engine. Gross=$2840.00 Fee=$0.00 Net=$2840.00,"{""agent_id"": ""agent-1"", ""legacy_file"": ""Analytics_export (1).csv"", ""ingested_at"": ""2026-01-02T20:55:35.846Z"", ""settlement"": {""gross"": 2840.0, ""fee"": 0.0, ""net"": 2840.0, ""fee_pct"": 0, ""settled_at"": ""2026-06-17T09:54:07.454223+00:00""}}",offline_RevenueEvent_1767387335846_104533978,2026-01-02T20:55:35.846Z,2026-06-17T09:54:07.454273+00:00,offline_sync,offline_sync,false
68bbde98768731d1ecd410c1,5c095111434b2a15024c5d42ba8c6fa33af838015c1d4fb5c9aa2296441cd4f6,Multiple,,1680,USD,paid_out,2026-06-17,rec_2e8c107d2c948570,PB_AUTO_20260617_105407,Auto-settled via settlement engine. Gross=$1680.00 Fee=$0.00 Net=$1680.00,"{""agent_id"": ""agent-2"", ""legacy_file"": ""Analytics_export (1).csv"", ""ingested_at"": ""2026-01-02T20:55:35.896Z"", ""settlement"": {""gross"": 1680.0, ""fee"": 0.0, ""net"": 1680.0, ""fee_pct"": 0, ""settled_at"": ""2026-06-17T09:54:07.456217+00:00""}}",offline_RevenueEvent_1767387335896_434020996,2026-01-02T20:55:35.896Z,2026-06-17T09:54:07.456380+00:00,offline_sync,offline_sync,false
TEST_REV_1767560481225,,test_revenue_flow,,1,USD,earned,,,,,"{""test"":true,""dry_run"":false,""created_by"":""test-revenue-flow""}",offline_RevenueEvent_1767560481692_670146616,2026-01-04T21:01:21.692Z,2026-01-04T21:01:21.692Z,offline_sync,offline_sync,false
TEST_REV_1767560543111,,test_revenue_flow,,1,USD,earned,,,,,"{""test"":true,""dry_run"":false,""created_by"":""test-revenue-flow""}",offline_RevenueEvent_1767560543567_691440341,2026-01-04T21:02:23.567Z,2026-01-04T21:02:23.567Z,offline_sync,offline_sync,false
TEST_REV_1767604681388,,test_revenue_flow,,1,USD,earned,,,,,"{""test"":true,""dry_run"":false,""created_by"":""test-revenue-flow""}",offline_RevenueEvent_1767604681870_372109160,2026-01-05T09:18:01.870Z,2026-01-05T09:18:01.870Z,offline_sync,offline_sync,false
TEST_REV_1767656448678,,test_revenue_flow,,1,USD,earned,,,,,"{""test"":true,""dry_run"":false,""created_by"":""test-revenue-flow""}",offline_RevenueEvent_1767656449142_78222912,2026-01-05T23:40:49.142Z,2026-01-05T23:40:49.142Z,offline_sync,offline_sync,false
