google_headline,google_description,google_final_url,meta_primary_text,meta_link
AWS Developer Associate Course – Pass First Attempt,"Full syllabus, practice questions, study plan. Enroll now.",https://www.realworldcerts.com/courses/aws-developer-associate-course.html,AWS Developer Associate Course course. Enroll today.,https://www.realworldcerts.com/courses/aws-developer-associate-course.html
AWS Solutions Architect Associate Course – Pass First Attempt,"Full syllabus, practice questions, study plan. Enroll now.",https://www.realworldcerts.com/courses/aws-solutions-architect-associate-course.html,AWS Solutions Architect Associate Course course. Enroll today.,https://www.realworldcerts.com/courses/aws-solutions-architect-associate-course.html
Azure Administrator AZ-104 Course – Pass First Attempt,"Full syllabus, practice questions, study plan. Enroll now.",https://www.realworldcerts.com/courses/azure-administrator-az-104-course.html,Azure Administrator AZ-104 Course course. Enroll today.,https://www.realworldcerts.com/courses/azure-administrator-az-104-course.html
Azure Fundamentals AZ-900 Course – Pass First Attempt,"Full syllabus, practice questions, study plan. Enroll now.",https://www.realworldcerts.com/courses/azure-fundamentals-az-900-course.html,Azure Fundamentals AZ-900 Course course. Enroll today.,https://www.realworldcerts.com/courses/azure-fundamentals-az-900-course.html
CEH v12 Ethical Hacking Course – Pass First Attempt,"Full syllabus, practice questions, study plan. Enroll now.",https://www.realworldcerts.com/courses/ceh-v12-ethical-hacking-course.html,CEH v12 Ethical Hacking Course course. Enroll today.,https://www.realworldcerts.com/courses/ceh-v12-ethical-hacking-course.html
Certified Kubernetes Administrator Course – Pass First Attempt,"Full syllabus, practice questions, study plan. Enroll now.",https://www.realworldcerts.com/courses/certified-kubernetes-administrator-course.html,Certified Kubernetes Administrator Course course. Enroll today.,https://www.realworldcerts.com/courses/certified-kubernetes-administrator-course.html
Certified Kubernetes Application Developer Course – Pass First Attempt,"Full syllabus, practice questions, study plan. Enroll now.",https://www.realworldcerts.com/courses/certified-kubernetes-application-developer-course.html,Certified Kubernetes Application Developer Course course. Enroll today.,https://www.realworldcerts.com/courses/certified-kubernetes-application-developer-course.html
Cisco CCNA 200-301 Course – Pass First Attempt,"Full syllabus, practice questions, study plan. Enroll now.",https://www.realworldcerts.com/courses/cisco-ccna-200-301-course.html,Cisco CCNA 200-301 Course course. Enroll today.,https://www.realworldcerts.com/courses/cisco-ccna-200-301-course.html
CISSP Full Domains Course – Pass First Attempt,"Full syllabus, practice questions, study plan. Enroll now.",https://www.realworldcerts.com/courses/cissp-full-domains-course.html,CISSP Full Domains Course course. Enroll today.,https://www.realworldcerts.com/courses/cissp-full-domains-course.html
CompTIA A+ Complete Course – Pass First Attempt,"Full syllabus, practice questions, study plan. Enroll now.",https://www.realworldcerts.com/courses/comptia-a-complete-course.html,CompTIA A+ Complete Course course. Enroll today.,https://www.realworldcerts.com/courses/comptia-a-complete-course.html
CompTIA Network+ Course – Pass First Attempt,"Full syllabus, practice questions, study plan. Enroll now.",https://www.realworldcerts.com/courses/comptia-network-course.html,CompTIA Network+ Course course. Enroll today.,https://www.realworldcerts.com/courses/comptia-network-course.html
CompTIA Security+ Course – Pass First Attempt,"Full syllabus, practice questions, study plan. Enroll now.",https://www.realworldcerts.com/courses/comptia-security-course.html,CompTIA Security+ Course course. Enroll today.,https://www.realworldcerts.com/courses/comptia-security-course.html
DevOps Professional DOP-C02 Course – Pass First Attempt,"Full syllabus, practice questions, study plan. Enroll now.",https://www.realworldcerts.com/courses/devops-professional-dop-c02-course.html,DevOps Professional DOP-C02 Course course. Enroll today.,https://www.realworldcerts.com/courses/devops-professional-dop-c02-course.html
Google Associate Cloud Engineer Course – Pass First Attempt,"Full syllabus, practice questions, study plan. Enroll now.",https://www.realworldcerts.com/courses/google-associate-cloud-engineer-course.html,Google Associate Cloud Engineer Course course. Enroll today.,https://www.realworldcerts.com/courses/google-associate-cloud-engineer-course.html
ITIL 4 Foundation Course – Pass First Attempt,"Full syllabus, practice questions, study plan. Enroll now.",https://www.realworldcerts.com/courses/itil-4-foundation-course.html,ITIL 4 Foundation Course course. Enroll today.,https://www.realworldcerts.com/courses/itil-4-foundation-course.html
PMP Exam Prep Course – Pass First Attempt,"Full syllabus, practice questions, study plan. Enroll now.",https://www.realworldcerts.com/courses/pmp-exam-prep-course.html,PMP Exam Prep Course course. Enroll today.,https://www.realworldcerts.com/courses/pmp-exam-prep-course.html
PRINCE2 Foundation Course – Pass First Attempt,"Full syllabus, practice questions, study plan. Enroll now.",https://www.realworldcerts.com/courses/prince2-foundation-course.html,PRINCE2 Foundation Course course. Enroll today.,https://www.realworldcerts.com/courses/prince2-foundation-course.html
Scrum Master Certification Course – Pass First Attempt,"Full syllabus, practice questions, study plan. Enroll now.",https://www.realworldcerts.com/courses/scrum-master-certification-course.html,Scrum Master Certification Course course. Enroll today.,https://www.realworldcerts.com/courses/scrum-master-certification-course.html
Terraform Associate Course – Pass First Attempt,"Full syllabus, practice questions, study plan. Enroll now.",https://www.realworldcerts.com/courses/terraform-associate-course.html,Terraform Associate Course course. Enroll today.,https://www.realworldcerts.com/courses/terraform-associate-course.html
