event_id,event_hash,source,source_id,amount,currency,status,confirmation_date,reconciliation_key,payout_batch_id,notes,metadata,id,created_date,updated_date,created_by_id,created_by,is_sample
PURCHASE_1767787338773,sha256_younesdgc@gmail.com_47_1767787338773,course_sale,ai-prompt-engineering,47,USD,earned,,,,Purchase attempt - younesdgc@gmail.com,"{""course_name"":""AI Prompt Engineering Masterclass"",""customer_email"":""younesdgc@gmail.com"",""coupon_code"":""CERT72"",""timestamp"":""2026-01-07T12:02:18.773Z""}",695e4aa7992b25e5c1b4adde,2026-01-07T11:59:35.430000,2026-01-07T11:59:35.430000,6888ac155ebf84dd9855ea99,younesdgc@gmail.com,false
PURCHASE_1767787277226,sha256_younestsouli2019@gmail.com_32_1767787277226,course_sale,foundational-self-reliance,32,USD,earned,,,,Purchase attempt - younestsouli2019@gmail.com,"{""course_name"":""Foundational Self-Reliance Course"",""customer_email"":""younestsouli2019@gmail.com"",""coupon_code"":""CERT72"",""timestamp"":""2026-01-07T12:01:17.226Z""}",695e4a6a0355543afe599955,2026-01-07T11:58:34.446000,2026-01-07T11:58:34.446000,6888ac155ebf84dd9855ea99,younesdgc@gmail.com,false
SWARM_EXEC_1767501886827_f2bddbee,097801778e927f2ddbf3a9ae5c2e4028160b9559ebe49528e99f9e05738ccefe,swarm_commerce_v1,,142.22,USD,earned,,,,,"{""product_name"":""Monogram Ceramic Coffee Mug"",""market_score"":0.787851232195237,""execution_mode"":""WET_RUN_REALITY"",""notes"":""Autonomous revenue generation executed by SwarmRunner."",""unit_economics"":{""rail"":""payoneer"",""net_profit"":115.7978,""margin"":0.8142160033750527}}",6959ef9da0babf9b0bcf599c,2026-01-04T04:42:05.259000,2026-01-04T04:42:05.259000,anonymous,anonymous,false
68bbde98768731d1ecd410c1,5c095111434b2a15024c5d42ba8c6fa33af838015c1d4fb5c9aa2296441cd4f6,Multiple,,1680,USD,earned,,,,,"{""agent_id"":""agent-2"",""legacy_file"":""Analytics_export (1).csv"",""ingested_at"":""2026-01-02T21:27:31.505Z""}",695837a1038b33620706932b,2026-01-02T21:24:49.991000,2026-01-02T21:24:49.991000,anonymous,anonymous,false
68bbde98768731d1ecd410c0,2e67f31d06d7002c2c1e22e3e0cc08ad2017abe5b9acdfccbce2edfacdbb8f48,Multiple,,2840,USD,earned,,,,,"{""agent_id"":""agent-1"",""legacy_file"":""Analytics_export (1).csv"",""ingested_at"":""2026-01-02T21:27:30.532Z""}",695837a1ef15353da84fdb62,2026-01-02T21:24:49.065000,2026-01-02T21:24:49.065000,anonymous,anonymous,false
68e0f56d5a1c0e13fda43223,54112a85fe25b3238afe5d490bdfb046bf42ec84ab22c5416f8b108648168629,LinkedIn Traffic,,520,USD,earned,,,,,"{""agent_id"":""agent-2"",""legacy_file"":""Analytics_export (1).csv"",""ingested_at"":""2026-01-02T21:27:29.662Z""}",695837a07111fd04fb7c8a14,2026-01-02T21:24:48.010000,2026-01-02T21:24:48.010000,anonymous,anonymous,false
68e0f56d5a1c0e13fda4321e,663d8e54c5e09981515b18f61de05c3ab961ae63eb555d7b42a0c5e26791fd8a,realworldcerts.com,,450.5,USD,earned,,,,,"{""agent_id"":""agent-1"",""legacy_file"":""Analytics_export (1).csv"",""ingested_at"":""2026-01-02T21:27:28.514Z""}",6958379f0e19a926731826f7,2026-01-02T21:24:47.305000,2026-01-02T21:24:47.305000,anonymous,anonymous,false
68e0f56d5a1c0e13fda43220,37eb2200de26fe52655cf07081d123d8033af2cf2886ad4261e624e808692612,Course Sales,,890.25,USD,earned,,,,,"{""agent_id"":""agent-3"",""legacy_file"":""Analytics_export (1).csv"",""ingested_at"":""2026-01-02T21:27:27.854Z""}",6958379e3b9312ed11e7bbe0,2026-01-02T21:24:46.231000,2026-01-02T21:24:46.231000,anonymous,anonymous,false
68e0f56d5a1c0e13fda43224,7071a4a7f666738bf901f015b90c237881dfc4682bb419e1a8641ec7ed7cbdd1,YouTube Referrals,,680.5,USD,earned,,,,,"{""agent_id"":""agent-3"",""legacy_file"":""Analytics_export (1).csv"",""ingested_at"":""2026-01-02T21:27:27.096Z""}",6958379d5d900d28a4c20255,2026-01-02T21:24:45.564000,2026-01-02T21:24:45.564000,anonymous,anonymous,false
68e0f56d5a1c0e13fda43222,e128f691e5241bf5f2d1345b844c0aff5acc118f801aae7e43bafc64c294c5ad,Reddit Conversions,,150.75,USD,earned,,,,,"{""agent_id"":""agent-4"",""legacy_file"":""Analytics_export (1).csv"",""ingested_at"":""2026-01-02T21:27:26.400Z""}",6958379c98bc3a51538bf59b,2026-01-02T21:24:44.808000,2026-01-02T21:24:44.808000,anonymous,anonymous,false
68e0f56d5a1c0e13fda43221,ff56fa65b9b582f703a5354cab0113e9054d04af2e3250f3e5176fa3835828f8,realworldcerts.com,,325,USD,earned,,,,,"{""agent_id"":""agent-1"",""legacy_file"":""Analytics_export (1).csv"",""ingested_at"":""2026-01-02T21:27:25.643Z""}",6958379c7aad1c7fabdcd213,2026-01-02T21:24:44.088000,2026-01-02T21:24:44.088000,anonymous,anonymous,false
68e0f56d5a1c0e13fda4321f,52f2ac613039f0e9f855678d336450cc63630c9f50d40da8954f4d953964af08,Affiliate Program,,275,USD,earned,,,,,"{""agent_id"":""agent-2"",""legacy_file"":""Analytics_export (1).csv"",""ingested_at"":""2026-01-02T21:27:24.990Z""}",6958379b1f058bad78bfd978,2026-01-02T21:24:43.320000,2026-01-02T21:24:43.320000,anonymous,anonymous,false
68e7500c4eae3dbaf591e2fb,a7475f24e94020d66b7637084c7d7fbc4e86ea6b3f6669d1677cbb1e20f8ef08,YouTube Sponsors,,375.5,USD,earned,,,,,"{""agent_id"":""agent-4"",""legacy_file"":""Analytics_export (1).csv"",""ingested_at"":""2026-01-02T21:27:24.112Z""}",6958379abc0fe2e14f153778,2026-01-02T21:24:42.416000,2026-01-02T21:24:42.416000,anonymous,anonymous,false
68e7500c4eae3dbaf591e2f0,29ac164c4127ae3901508fa1a7342b4edceba11a0c204f254e1fe9867dacddfb,Webinar Sales,,755,USD,earned,,,,,"{""agent_id"":""agent-3"",""legacy_file"":""Analytics_export (1).csv"",""ingested_at"":""2026-01-02T21:27:23.126Z""}",695837992b7e4fb789f1c11e,2026-01-02T21:24:41.506000,2026-01-02T21:24:41.506000,anonymous,anonymous,false
68e7500c4eae3dbaf591e2e6,a7a8a8d51d7cf5244d0561dd833c81ad842cbb644f15eab96bfa72959657b999,Direct Marketing,,425,USD,earned,,,,,"{""agent_id"":""agent-1"",""legacy_file"":""Analytics_export (1).csv"",""ingested_at"":""2026-01-02T21:27:22.427Z""}",69583798da59ae178e80a1af,2026-01-02T21:24:40.820000,2026-01-02T21:24:40.820000,anonymous,anonymous,false
68e7500c4eae3dbaf591e2f4,90b30ee1cbbc718bed6b41c9cb722e2b0ed63f4080731029b74f7caedb1f78e8,End of Q3 Push,,720,USD,earned,,,,,"{""agent_id"":""agent-1"",""legacy_file"":""Analytics_export (1).csv"",""ingested_at"":""2026-01-02T21:27:20.803Z""}",695837983fdac3dd3122c063,2026-01-02T21:24:40.114000,2026-01-02T21:24:40.114000,anonymous,anonymous,false
68e7500c4eae3dbaf591e2ed,f071a9e245708021fec2da7aa3246238a03481433c4f1f2f4427a8a54f277614,realworldcerts.com,,445.25,USD,earned,,,,,"{""agent_id"":""agent-1"",""legacy_file"":""Analytics_export (1).csv"",""ingested_at"":""2026-01-02T21:27:19.592Z""}",69583796f72845dc90d32b67,2026-01-02T21:24:38.195000,2026-01-02T21:24:38.195000,anonymous,anonymous,false
68e7500c4eae3dbaf591e2eb,a5788b1ef39061939cb43752d86cfd65eac410a9f22660ab0e0da7e4dfcb2103,Facebook Ads,,395.75,USD,earned,,,,,"{""agent_id"":""agent-4"",""legacy_file"":""Analytics_export (1).csv"",""ingested_at"":""2026-01-02T21:27:18.279Z""}",695837959d6acf1e6d424bb0,2026-01-02T21:24:37.291000,2026-01-02T21:24:37.291000,anonymous,anonymous,false
68e7500c4eae3dbaf591e2e2,011f7b4be1f5d2338f020f7e21c46436dcd443fda3e5ee343b6d969c1ad9b8cb,realworldcerts.com,,380,USD,earned,,,,,"{""agent_id"":""agent-1"",""legacy_file"":""Analytics_export (1).csv"",""ingested_at"":""2026-01-02T21:27:17.661Z""}",6958379345975ac6e9662ca1,2026-01-02T21:24:35.972000,2026-01-02T21:24:35.972000,anonymous,anonymous,false
68e7500c4eae3dbaf591e2e1,c82c714c59ef34d12594bc4ff846374b6f88b4d57d47c2d4abc7bbdf7c85a1d1,Course Bundle,,825.25,USD,earned,,,,,"{""agent_id"":""agent-3"",""legacy_file"":""Analytics_export (1).csv"",""ingested_at"":""2026-01-02T21:27:16.683Z""}",69583792fed55aa9fff583da,2026-01-02T21:24:34.978000,2026-01-02T21:24:34.978000,anonymous,anonymous,false
68e7500c4eae3dbaf591e2d7,7d32390f8e69ecb67000918ae625bc3af2dbb36230ae046b3a0db53405ce14cd,realworldcerts.com,,325,USD,earned,,,,,"{""agent_id"":""agent-1"",""legacy_file"":""Analytics_export (1).csv"",""ingested_at"":""2026-01-02T21:27:15.711Z""}",6958379287ec5f3d67fe1169,2026-01-02T21:24:34.041000,2026-01-02T21:24:34.041000,anonymous,anonymous,false
68e7500c4eae3dbaf591e2de,719dfcdcbd40d94633a13a57927f3fef84def8d0eb4f3d3d2c28543f140f4662,Affiliate Commission,,620,USD,earned,,,,,"{""agent_id"":""agent-1"",""legacy_file"":""Analytics_export (1).csv"",""ingested_at"":""2026-01-02T21:27:14.739Z""}",695837914ed16556a87d656c,2026-01-02T21:24:33.074000,2026-01-02T21:24:33.074000,anonymous,anonymous,false
68e7500c4eae3dbaf591e2df,9e3eff7b576c9402c8dcec7dedf6ea31093e170f83b26273a99f344197da2164,Twitter Campaign,,340.75,USD,earned,,,,,"{""agent_id"":""agent-4"",""legacy_file"":""Analytics_export (1).csv"",""ingested_at"":""2026-01-02T21:27:12.459Z""}",69583790fed55aa9fff583d8,2026-01-02T21:24:32.439000,2026-01-02T21:24:32.439000,anonymous,anonymous,false
68e7500c4eae3dbaf591e2da,59e506b4e8e26afab0337e0c75190aa6d9bcc1cd66661e154e324e91022e5211,YouTube Referrals,,680.5,USD,earned,,,,,"{""agent_id"":""agent-3"",""legacy_file"":""Analytics_export (1).csv"",""ingested_at"":""2026-01-02T21:27:11.654Z""}",6958378ebc0fe2e14f153773,2026-01-02T21:24:30.169000,2026-01-02T21:24:30.169000,anonymous,anonymous,false
68e7500c4eae3dbaf591e2e5,8a87979f426a24389f688f2156a495f1f93630ad2bbb580de1d877f401e52b7d,YouTube Traffic,,715.75,USD,earned,,,,,"{""agent_id"":""agent-3"",""legacy_file"":""Analytics_export (1).csv"",""ingested_at"":""2026-01-02T21:27:10.809Z""}",6958378d9bd2b9949675fbb1,2026-01-02T21:24:29.343000,2026-01-02T21:24:29.343000,anonymous,anonymous,false
68e7500c4eae3dbaf591e2d8,e12c527726730423793126821de62b3793a2961a3a32677f781dd592269e4f96,Reddit Traffic,,150.75,USD,earned,,,,,"{""agent_id"":""agent-4"",""legacy_file"":""Analytics_export (1).csv"",""ingested_at"":""2026-01-02T21:27:10.004Z""}",6958378c1c6d227af6054c65,2026-01-02T21:24:28.521000,2026-01-02T21:24:28.521000,anonymous,anonymous,false
68e7500c4eae3dbaf591e2dc,d6214b88b2165ded97e22466e4a288c03035f94b6099d9fdf9bc90a0215a994c,Black Friday Sales,,780,USD,earned,,,,,"{""agent_id"":""agent-2"",""legacy_file"":""Analytics_export (1).csv"",""ingested_at"":""2026-01-02T21:27:09.329Z""}",6958378b3b0016cac1f47bdd,2026-01-02T21:24:27.664000,2026-01-02T21:24:27.664000,anonymous,anonymous,false
68e7500c4eae3dbaf591e2d9,dc42b11d391178686d44f0d98a6ef97b875366afe76ef3211ac4b1807d08d12f,LinkedIn B2B,,520,USD,earned,,,,,"{""agent_id"":""agent-2"",""legacy_file"":""Analytics_export (1).csv"",""ingested_at"":""2026-01-02T21:27:08.661Z""}",6958378baa5335034c2381a5,2026-01-02T21:24:27.043000,2026-01-02T21:24:27.043000,anonymous,anonymous,false
68e7500c4eae3dbaf591e2fe,3856415974aa3f0b69964ad5648e36eeb1116da33853732751bde13c077aa22b,SEO Traffic,,485,USD,earned,,,,,"{""agent_id"":""agent-2"",""legacy_file"":""Analytics_export (1).csv"",""ingested_at"":""2026-01-02T21:27:07.046Z""}",69583789b390464191e57e33,2026-01-02T21:24:25.975000,2026-01-02T21:24:25.975000,anonymous,anonymous,false
68e7500c4eae3dbaf591e2f7,f9eb4e4ccaae2aac13eadd5e0c05ec39837e36b344ab1fa4f858d967067a1b36,Community Forum,,315.75,USD,earned,,,,,"{""agent_id"":""agent-4"",""legacy_file"":""Analytics_export (1).csv"",""ingested_at"":""2026-01-02T21:27:06.156Z""}",6958378817939fd48f50abe2,2026-01-02T21:24:24.768000,2026-01-02T21:24:24.768000,anonymous,anonymous,false
68e7500c4eae3dbaf591e2e7,c18675dbcc491cad3a6a16baac3fb7abfed84e076338b6823becc91275951a93,Reddit Community,,310.25,USD,earned,,,,,"{""agent_id"":""agent-4"",""legacy_file"":""Analytics_export (1).csv"",""ingested_at"":""2026-01-02T21:27:05.274Z""}",69583787d7fff77ee3bc0060,2026-01-02T21:24:23.556000,2026-01-02T21:24:23.556000,anonymous,anonymous,false
68e7500c4eae3dbaf591e2dd,8e95fab67f7d109c8e9a6a6f58379267ee723b10757376c76f7cf616642b11c8,Holiday Campaign,,1250.5,USD,earned,,,,,"{""agent_id"":""agent-3"",""legacy_file"":""Analytics_export (1).csv"",""ingested_at"":""2026-01-02T21:27:04.575Z""}",695837869e3d207704b6803f,2026-01-02T21:24:22.978000,2026-01-02T21:24:22.978000,anonymous,anonymous,false
68e7500c4eae3dbaf591e2d5,ad51815fe1203e124012f131894d71210ad346c8f35de0372b8eb6a7e8fcfd5c,Affiliate Network,,275,USD,earned,,,,,"{""agent_id"":""agent-2"",""legacy_file"":""Analytics_export (1).csv"",""ingested_at"":""2026-01-02T21:27:03.530Z""}",69583786c417529df0fc0f17,2026-01-02T21:24:22.247000,2026-01-02T21:24:22.247000,anonymous,anonymous,false
68e7500c4eae3dbaf591e2f9,41d0a5ea637e2a6c8918a92a31928d4b13475f2abb201438e2d841dbbd84398f,Premium Courses,,795.25,USD,earned,,,,,"{""agent_id"":""agent-3"",""legacy_file"":""Analytics_export (1).csv"",""ingested_at"":""2026-01-02T21:27:01.871Z""}",69583785b8403a3b2882d40c,2026-01-02T21:24:21.236000,2026-01-02T21:24:21.236000,anonymous,anonymous,false
68e7500c4eae3dbaf591e2f5,da978b0046aa2808d14739789acfadc5aa94829672afaf1eb9cf71d90efacb6a,Bulk Course Sales,,885.5,USD,earned,,,,,"{""agent_id"":""agent-3"",""legacy_file"":""Analytics_export (1).csv"",""ingested_at"":""2026-01-02T21:27:00.584Z""}",695837828e62a3569f6ed3e0,2026-01-02T21:24:18.985000,2026-01-02T21:24:18.985000,anonymous,anonymous,false
68e7500c4eae3dbaf591e2ee,2434aa255e2a4ae5a17e703b5fb931205b9037955cd6118c25e6c830bba0335c,Email Campaign,,520,USD,earned,,,,,"{""agent_id"":""agent-2"",""legacy_file"":""Analytics_export (1).csv"",""ingested_at"":""2026-01-02T21:26:59.400Z""}",6958378134f710e658fa33b2,2026-01-02T21:24:17.715000,2026-01-02T21:24:17.715000,anonymous,anonymous,false
68e7500c4eae3dbaf591e2ea,7d46afbc217500923c4559f843e3a1af0f0e2889dc9cd34bb614879ec7bb825c,Corporate Training,,670,USD,earned,,,,,"{""agent_id"":""agent-2"",""legacy_file"":""Analytics_export (1).csv"",""ingested_at"":""2026-01-02T21:26:58.453Z""}",69583780b29b88bd64f7fd3e,2026-01-02T21:24:16.787000,2026-01-02T21:24:16.787000,anonymous,anonymous,false
68e7500c4eae3dbaf591e2e9,52289a5bc25ff0ae1b6449f8c32d90eeb7dda84fc7ac898bd38dbc72937e11d5,Affiliate Sales,,580.5,USD,earned,,,,,"{""agent_id"":""agent-1"",""legacy_file"":""Analytics_export (1).csv"",""ingested_at"":""2026-01-02T21:26:57.141Z""}",6958377f84a6ef69aa54d3f8,2026-01-02T21:24:15.775000,2026-01-02T21:24:15.775000,anonymous,anonymous,false
68e7500c4eae3dbaf591e2ef,222411cb947da1229a1d937d25fd0abca707550b3b18fecab5d939d631f8c876,Discord Community,,360.5,USD,earned,,,,,"{""agent_id"":""agent-4"",""legacy_file"":""Analytics_export (1).csv"",""ingested_at"":""2026-01-02T21:26:56.044Z""}",6958377e87ec5f3d67fe115e,2026-01-02T21:24:14.350000,2026-01-02T21:24:14.350000,anonymous,anonymous,false
68e7500c4eae3dbaf591e2e4,74c26a427cde4e36c80ace3f749c412519e6e4dd9ac2e9dde81b7b35d3b872ad,LinkedIn Posts,,560,USD,earned,,,,,"{""agent_id"":""agent-2"",""legacy_file"":""Analytics_export (1).csv"",""ingested_at"":""2026-01-02T21:26:51.363Z""}",6958377dce1ca5a5e0671d2e,2026-01-02T21:24:13.736000,2026-01-02T21:24:13.736000,anonymous,anonymous,false
68e7500c4eae3dbaf591e2d4,a29d8d5bbce1748468e0335e08063af7476c2f7961cd12ef453593f12efd454e,realworldcerts.com,,450.5,USD,earned,,,,,"{""agent_id"":""agent-1"",""legacy_file"":""Analytics_export (1).csv"",""ingested_at"":""2026-01-02T21:26:49.550Z""}",695837783ff116c99a5fc2cf,2026-01-02T21:24:08.185000,2026-01-02T21:24:08.185000,anonymous,anonymous,false
68e7500c4eae3dbaf591e2f8,59e6e4716a2804f8ffa539a40c9989ddc434bf6374eb5cd788ffb300de0e98e9,Corporate Package,,660,USD,earned,,,,,"{""agent_id"":""agent-1"",""legacy_file"":""Analytics_export (1).csv"",""ingested_at"":""2026-01-02T21:26:48.934Z""}",69583777021bc68764984788,2026-01-02T21:24:07.264000,2026-01-02T21:24:07.264000,anonymous,anonymous,false
68e7500c4eae3dbaf591e2f6,3f7264656e28375bfb2e4f355ea9d93305e48c274a44bf7e728adf35a96b96bb,LinkedIn Networking,,540,USD,earned,,,,,"{""agent_id"":""agent-2"",""legacy_file"":""Analytics_export (1).csv"",""ingested_at"":""2026-01-02T21:26:47.655Z""}",695837764b8e3fdeb55e842c,2026-01-02T21:24:06.028000,2026-01-02T21:24:06.028000,anonymous,anonymous,false
68e7500c4eae3dbaf591e2d6,3d4d3eaf05ac8781917953216cd51b67b958327015e2b4a574b464f3d9a40f04,Course Sales,,890.25,USD,earned,,,,,"{""agent_id"":""agent-3"",""legacy_file"":""Analytics_export (1).csv"",""ingested_at"":""2026-01-02T21:26:45.768Z""}",69583774617d18acf41e3185,2026-01-02T21:24:04.134000,2026-01-02T21:24:04.134000,anonymous,anonymous,false
68e7500c4eae3dbaf591e2fc,cc09e8ee489530866a5c941495e1e9dd9f4c222b6cd75b44f245ce0996781c8e,Direct Sales,,550,USD,earned,,,,,"{""agent_id"":""agent-1"",""legacy_file"":""Analytics_export (1).csv"",""ingested_at"":""2026-01-02T21:26:45.074Z""}",69583773a7dd3a9556f3d821,2026-01-02T21:24:03.444000,2026-01-02T21:24:03.444000,anonymous,anonymous,false
68e7500c4eae3dbaf591e2fa,1a9431e2b934479a335803cc158025712fdc121661f734d9a40750211c70a12f,Affiliate Network,,430,USD,earned,,,,,"{""agent_id"":""agent-2"",""legacy_file"":""Analytics_export (1).csv"",""ingested_at"":""2026-01-02T21:26:44.217Z""}",695837728c48c526dbb49c65,2026-01-02T21:24:02.751000,2026-01-02T21:24:02.751000,anonymous,anonymous,false
68e7500c4eae3dbaf591e2f1,1adde508d27db30739348663fa21983500222c6d2d8198b9b3e49e0f617fef56,Partner Referral,,490.75,USD,earned,,,,,"{""agent_id"":""agent-1"",""legacy_file"":""Analytics_export (1).csv"",""ingested_at"":""2026-01-02T21:26:43.230Z""}",695837711238221369f6f05a,2026-01-02T21:24:01.625000,2026-01-02T21:24:01.625000,anonymous,anonymous,false
68e7500c4eae3dbaf591e2ec,c33b5be69039376172578b30bbbffa47c614288962a8810b1dc7ab05997a14aa,Certification Prep,,825,USD,earned,,,,,"{""agent_id"":""agent-3"",""legacy_file"":""Analytics_export (1).csv"",""ingested_at"":""2026-01-02T21:26:42.615Z""}",69583770b6adb016cdae1108,2026-01-02T21:24:00.956000,2026-01-02T21:24:00.956000,anonymous,anonymous,false
68e7500c4eae3dbaf591e2e8,b4923567514e0dd52d1ab116742a062f7b84245fe2dc96ab005d255f03a59d53,Halloween Special,,940,USD,earned,,,,,"{""agent_id"":""agent-3"",""legacy_file"":""Analytics_export (1).csv"",""ingested_at"":""2026-01-02T21:26:41.679Z""}",69583770352da5e74b36abb2,2026-01-02T21:24:00.327000,2026-01-02T21:24:00.327000,anonymous,anonymous,false
68e7500c4eae3dbaf591e2e3,c952b81a96bab9b1474000fc68ec713e4c5fd3fd1dc99ebe49261014ccf4be0f,Quora Answers,,290.5,USD,earned,,,,,"{""agent_id"":""agent-4"",""legacy_file"":""Analytics_export (1).csv"",""ingested_at"":""2026-01-02T21:26:40.980Z""}",6958376f3cdc6b6e38d8210d,2026-01-02T21:23:59.368000,2026-01-02T21:23:59.368000,anonymous,anonymous,false
68e7500c4eae3dbaf591e2e0,8a6906d8359a6ac755551b1412358ccdfc9cfd178887e3b8db92dbc3283fa037,Medium Articles,,495,USD,earned,,,,,"{""agent_id"":""agent-2"",""legacy_file"":""Analytics_export (1).csv"",""ingested_at"":""2026-01-02T21:26:40.291Z""}",6958376eb6adb016cdae1106,2026-01-02T21:23:58.662000,2026-01-02T21:23:58.662000,anonymous,anonymous,false
68e7500c4eae3dbaf591e2fd,3cbd10cd28ea4115e2cf567a4218d574a388f2657ffd702af96b54caceb2a3d5,Labor Day Sale,,820.75,USD,earned,,,,,"{""agent_id"":""agent-3"",""legacy_file"":""Analytics_export (1).csv"",""ingested_at"":""2026-01-02T21:26:39.286Z""}",6958376d90d32f24e387766b,2026-01-02T21:23:57.964000,2026-01-02T21:23:57.964000,anonymous,anonymous,false
68e7500c4eae3dbaf591e2db,22a947194bf98587719573578679eb063583c57175f45961ff4c8ec475eb3b8f,Direct Sales,,410,USD,earned,,,,,"{""agent_id"":""agent-1"",""legacy_file"":""Analytics_export (1).csv"",""ingested_at"":""2026-01-02T21:26:38.441Z""}",6958376c29275c1d9907e10d,2026-01-02T21:23:56.998000,2026-01-02T21:23:56.998000,anonymous,anonymous,false
68e7500c4eae3dbaf591e2f3,9f44b7f89bdd614c1627d5e978626777c32fd99f591b4d15012d08821fe6cb07,TikTok Traffic,,280.25,USD,earned,,,,,"{""agent_id"":""agent-4"",""legacy_file"":""Analytics_export (1).csv"",""ingested_at"":""2026-01-02T21:26:37.405Z""}",6958376bf8c64dd6e37687bc,2026-01-02T21:23:55.830000,2026-01-02T21:23:55.830000,anonymous,anonymous,false
68e7500c4eae3dbaf591e2f2,cb445b65d91c8f4e56610d3cf13e13da06a00058c695259f7d8b34817a0bfa85,Instagram Campaign,,615,USD,earned,,,,,"{""agent_id"":""agent-2"",""legacy_file"":""Analytics_export (1).csv"",""ingested_at"":""2026-01-02T21:26:36.784Z""}",6958376b3cdc6b6e38d8210a,2026-01-02T21:23:55.111000,2026-01-02T21:23:55.111000,anonymous,anonymous,false
68e750acedec97285a16655e,448a7a6b889f770e553c44a87460f3d40998d5263f76862381c1ffaa1589f58d,Course Bundle Sale,,890.25,USD,earned,,,,,"{""agent_id"":""agent-2"",""legacy_file"":""Analytics_export (1).csv"",""ingested_at"":""2026-01-02T21:26:36.123Z""}",6958376a3b9312ed11e7ba12,2026-01-02T21:23:54.482000,2026-01-02T21:23:54.482000,anonymous,anonymous,false
68e750acedec97285a16655c,21ed616b1418d44315c4dff39375e29cdd7f6fe88c3c7e03000e5ed76ff4d8b8,Reddit Career Advice,,215.75,USD,earned,,,,,"{""agent_id"":""agent-4"",""legacy_file"":""Analytics_export (1).csv"",""ingested_at"":""2026-01-02T21:26:34.980Z""}",69583769f77e47fb16099c1e,2026-01-02T21:23:53.826000,2026-01-02T21:23:53.826000,anonymous,anonymous,false
68e750acedec97285a16655f,a67698054007ccdaaf6319047bdc3806f187c2d0bcc4a44e677a0dad108aa985,New Year Special,,620,USD,earned,,,,,"{""agent_id"":""agent-3"",""legacy_file"":""Analytics_export (1).csv"",""ingested_at"":""2026-01-02T21:26:33.126Z""}",695837681238221369f6f055,2026-01-02T21:23:52.594000,2026-01-02T21:23:52.594000,anonymous,anonymous,false
68e750acedec97285a16655d,546c46823745427ab1f78f794bca28b6a332e696cb81e1bd1aeddf5243556eda,LinkedIn New Year Posts,,445,USD,earned,,,,,"{""agent_id"":""agent-1"",""legacy_file"":""Analytics_export (1).csv"",""ingested_at"":""2026-01-02T21:26:30.511Z""}",69583766da59ae178e80a15a,2026-01-02T21:23:50.461000,2026-01-02T21:23:50.461000,anonymous,anonymous,false
68e750acedec97285a16655a,190b3033e8f881137ed07076218eec98c535af57835d95fb8e3c31f13b1d6c80,Affiliate Network,,325.5,USD,earned,,,,,"{""agent_id"":""agent-2"",""legacy_file"":""Analytics_export (1).csv"",""ingested_at"":""2026-01-02T21:26:29.323Z""}",69583764bf79829566d5695f,2026-01-02T21:23:48.240000,2026-01-02T21:23:48.240000,anonymous,anonymous,false
68e750acedec97285a16655b,2b47cc6a51117cab8f36b2f00f7a60f3fc0c87a3dc867118549b37b1f40c5ac2,January Resolution Sales,,750,USD,earned,,,,,"{""agent_id"":""agent-3"",""legacy_file"":""Analytics_export (1).csv"",""ingested_at"":""2026-01-02T21:26:27.146Z""}",6958376266d3fc45a77890c2,2026-01-02T21:23:46.933000,2026-01-02T21:23:46.933000,anonymous,anonymous,false
68e750acedec97285a166559,1a7934100dbbebe464fa67f744fc4063dceb3c44154822808fb2ac75340b6059,New Year Launch,,580,USD,earned,,,,,"{""agent_id"":""agent-1"",""legacy_file"":""Analytics_export (1).csv"",""ingested_at"":""2026-01-02T21:26:25.563Z""}",69583760c8f86b5cb4489f60,2026-01-02T21:23:44.863000,2026-01-02T21:23:44.863000,anonymous,anonymous,false
SWARM_EXEC_1767356101285_cf31f851,ffa12e58f4b0dbbf3d0942359e7ae66132d0668eadbf9be25d9bfacc6eaec8a6,swarm_commerce_v1,,158.57,USD,earned,,,,,"{""product_name"":""FNTCASE iPhone 17 Case"",""market_score"":0.6092764398383355,""execution_mode"":""WET_RUN_REALITY"",""notes"":""Autonomous revenue generation executed by SwarmRunner.""}",6957b624d8a0cb165d7ef0c1,2026-01-02T12:12:20.470000,2026-01-02T12:12:20.470000,anonymous,anonymous,false
SWARM_EXEC_1767293194734_1051928a,793dc8c254e0b4bd80f4dcfba38324aebb1bfda6e8edaef79c6800a1c2830a8f,swarm_commerce_v1,,159.45,USD,earned,,,,,"{""product_name"":""Abstract AI Art Pack (50pcs)"",""market_score"":0.6460605860317571,""execution_mode"":""WET_RUN_REALITY"",""notes"":""Autonomous revenue generation executed by SwarmRunner.""}",6956c069dcdfb13c43803684,2026-01-01T18:43:53.328000,2026-01-01T18:43:53.328000,anonymous,anonymous,false
RE_001_AGENT_COMMISSION,,agent_generated,,150,USD,paid_out,2025-12-22,,PB_001_FIRST_PAYOUT,Initial agent commission for first payout cycle.,,694974bd8ea0699ad93ab29b,2025-12-22T16:41:33.289000,2025-12-22T16:43:24.155000,6888ac155ebf84dd9855ea99,younesdgc@gmail.com,false
