agent_id,campaign_id,metric_type,value,date,source_platform,target_url,outcome,error_details,cost_incurred,notes,id,created_date,updated_date,created_by_id,created_by,is_sample
"agent-1","","revenue","580","2025-01-04","New Year Launch","https://realworldcerts.com","","","","","68e750acedec97285a166559","2025-10-09T06:05:32.047000","2025-10-09T06:05:32.047000","6888ac155ebf84dd9855ea99","younesdgc@gmail.com","false"
"agent-3","","revenue","750","2025-01-03","January Resolution Sales","https://realworldcerts.com","","","","","68e750acedec97285a16655b","2025-10-09T06:05:32.047000","2025-10-09T06:05:32.047000","6888ac155ebf84dd9855ea99","younesdgc@gmail.com","false"
"agent-2","","revenue","325.5","2025-01-04","Affiliate Network","https://affiliate.com","","","","","68e750acedec97285a16655a","2025-10-09T06:05:32.047000","2025-10-09T06:05:32.047000","6888ac155ebf84dd9855ea99","younesdgc@gmail.com","false"
"agent-1","","revenue","445","2025-01-02","LinkedIn New Year Posts","https://linkedin.com","","","","","68e750acedec97285a16655d","2025-10-09T06:05:32.047000","2025-10-09T06:05:32.047000","6888ac155ebf84dd9855ea99","younesdgc@gmail.com","false"
"agent-3","","revenue","620","2025-01-01","New Year Special","https://realworldcerts.com","","","","","68e750acedec97285a16655f","2025-10-09T06:05:32.047000","2025-10-09T06:05:32.047000","6888ac155ebf84dd9855ea99","younesdgc@gmail.com","false"
"agent-4","","revenue","215.75","2025-01-03","Reddit Career Advice","https://reddit.com/r/ITCareerQuestions","","","","","68e750acedec97285a16655c","2025-10-09T06:05:32.047000","2025-10-09T06:05:32.047000","6888ac155ebf84dd9855ea99","younesdgc@gmail.com","false"
"agent-2","","revenue","890.25","2025-01-02","Course Bundle Sale","https://realworldcerts.com/bundles","","","","","68e750acedec97285a16655e","2025-10-09T06:05:32.047000","2025-10-09T06:05:32.047000","6888ac155ebf84dd9855ea99","younesdgc@gmail.com","false"
"agent-2","","revenue","615","2024-10-05","Instagram Campaign","https://instagram.com","","","","","68e7500c4eae3dbaf591e2f2","2025-10-09T06:02:52.713000","2025-10-09T06:02:52.713000","6888ac155ebf84dd9855ea99","younesdgc@gmail.com","false"
"agent-4","","revenue","280.25","2024-10-02","TikTok Traffic","https://tiktok.com","","","","","68e7500c4eae3dbaf591e2f3","2025-10-09T06:02:52.713000","2025-10-09T06:02:52.713000","6888ac155ebf84dd9855ea99","younesdgc@gmail.com","false"
"agent-1","","revenue","410","2024-12-01","Direct Sales","https://realworldcerts.com","","","","","68e7500c4eae3dbaf591e2db","2025-10-09T06:02:52.713000","2025-10-09T06:02:52.713000","6888ac155ebf84dd9855ea99","younesdgc@gmail.com","false"
"agent-3","","revenue","820.75","2024-09-05","Labor Day Sale","https://realworldcerts.com","","","","","68e7500c4eae3dbaf591e2fd","2025-10-09T06:02:52.713000","2025-10-09T06:02:52.713000","6888ac155ebf84dd9855ea99","younesdgc@gmail.com","false"
"agent-2","","revenue","495","2024-11-20","Medium Articles","https://medium.com","","","","","68e7500c4eae3dbaf591e2e0","2025-10-09T06:02:52.713000","2025-10-09T06:02:52.713000","6888ac155ebf84dd9855ea99","younesdgc@gmail.com","false"
"agent-4","","revenue","290.5","2024-11-12","Quora Answers","https://quora.com","","","","","68e7500c4eae3dbaf591e2e3","2025-10-09T06:02:52.713000","2025-10-09T06:02:52.713000","6888ac155ebf84dd9855ea99","younesdgc@gmail.com","false"
"agent-3","","revenue","940","2024-10-30","Halloween Special","https://realworldcerts.com","","","","","68e7500c4eae3dbaf591e2e8","2025-10-09T06:02:52.713000","2025-10-09T06:02:52.713000","6888ac155ebf84dd9855ea99","younesdgc@gmail.com","false"
"agent-3","","revenue","825","2024-10-20","Certification Prep","https://realworldcerts.com/certs","","","","","68e7500c4eae3dbaf591e2ec","2025-10-09T06:02:52.713000","2025-10-09T06:02:52.713000","6888ac155ebf84dd9855ea99","younesdgc@gmail.com","false"
"agent-1","","revenue","490.75","2024-10-08","Partner Referral","https://partners.com","","","","","68e7500c4eae3dbaf591e2f1","2025-10-09T06:02:52.713000","2025-10-09T06:02:52.713000","6888ac155ebf84dd9855ea99","younesdgc@gmail.com","false"
"agent-2","","revenue","430","2024-09-12","Affiliate Network","https://affiliate.com","","","","","68e7500c4eae3dbaf591e2fa","2025-10-09T06:02:52.713000","2025-10-09T06:02:52.713000","6888ac155ebf84dd9855ea99","younesdgc@gmail.com","false"
"agent-1","","revenue","550","2024-09-08","Direct Sales","https://realworldcerts.com","","","","","68e7500c4eae3dbaf591e2fc","2025-10-09T06:02:52.713000","2025-10-09T06:02:52.713000","6888ac155ebf84dd9855ea99","younesdgc@gmail.com","false"
"agent-3","","revenue","890.25","2024-12-12","Course Sales","https://realworldcerts.com/courses","","","","","68e7500c4eae3dbaf591e2d6","2025-10-09T06:02:52.713000","2025-10-09T06:02:52.713000","6888ac155ebf84dd9855ea99","younesdgc@gmail.com","false"
"agent-2","","revenue","540","2024-09-22","LinkedIn Networking","https://linkedin.com","","","","","68e7500c4eae3dbaf591e2f6","2025-10-09T06:02:52.713000","2025-10-09T06:02:52.713000","6888ac155ebf84dd9855ea99","younesdgc@gmail.com","false"
"agent-1","","revenue","660","2024-09-18","Corporate Package","https://realworldcerts.com","","","","","68e7500c4eae3dbaf591e2f8","2025-10-09T06:02:52.713000","2025-10-09T06:02:52.713000","6888ac155ebf84dd9855ea99","younesdgc@gmail.com","false"
"agent-1","","revenue","450.5","2024-12-15","realworldcerts.com","https://realworldcerts.com","","","","","68e7500c4eae3dbaf591e2d4","2025-10-09T06:02:52.713000","2025-10-09T06:02:52.713000","6888ac155ebf84dd9855ea99","younesdgc@gmail.com","false"
"agent-2","","revenue","560","2024-11-10","LinkedIn Posts","https://linkedin.com","","","","","68e7500c4eae3dbaf591e2e4","2025-10-09T06:02:52.713000","2025-10-09T06:02:52.713000","6888ac155ebf84dd9855ea99","younesdgc@gmail.com","false"
"agent-4","","revenue","360.5","2024-10-12","Discord Community","https://discord.com","","","","","68e7500c4eae3dbaf591e2ef","2025-10-09T06:02:52.713000","2025-10-09T06:02:52.713000","6888ac155ebf84dd9855ea99","younesdgc@gmail.com","false"
"agent-1","","revenue","580.5","2024-10-28","Affiliate Sales","https://affiliate.com","","","","","68e7500c4eae3dbaf591e2e9","2025-10-09T06:02:52.713000","2025-10-09T06:02:52.713000","6888ac155ebf84dd9855ea99","younesdgc@gmail.com","false"
"agent-2","","revenue","670","2024-10-25","Corporate Training","https://realworldcerts.com","","","","","68e7500c4eae3dbaf591e2ea","2025-10-09T06:02:52.713000","2025-10-09T06:02:52.713000","6888ac155ebf84dd9855ea99","younesdgc@gmail.com","false"
"agent-2","","revenue","520","2024-10-15","Email Campaign","https://mailchimp.com","","","","","68e7500c4eae3dbaf591e2ee","2025-10-09T06:02:52.713000","2025-10-09T06:02:52.713000","6888ac155ebf84dd9855ea99","younesdgc@gmail.com","false"
"agent-3","","revenue","885.5","2024-09-25","Bulk Course Sales","https://realworldcerts.com","","","","","68e7500c4eae3dbaf591e2f5","2025-10-09T06:02:52.713000","2025-10-09T06:02:52.713000","6888ac155ebf84dd9855ea99","younesdgc@gmail.com","false"
"agent-3","","revenue","795.25","2024-09-15","Premium Courses","https://realworldcerts.com/premium","","","","","68e7500c4eae3dbaf591e2f9","2025-10-09T06:02:52.713000","2025-10-09T06:02:52.713000","6888ac155ebf84dd9855ea99","younesdgc@gmail.com","false"
"agent-2","","revenue","275","2024-12-14","Affiliate Network","https://affiliate.com","","","","","68e7500c4eae3dbaf591e2d5","2025-10-09T06:02:52.713000","2025-10-09T06:02:52.713000","6888ac155ebf84dd9855ea99","younesdgc@gmail.com","false"
"agent-3","","revenue","1250.5","2024-11-27","Holiday Campaign","https://realworldcerts.com/deals","","","","","68e7500c4eae3dbaf591e2dd","2025-10-09T06:02:52.713000","2025-10-09T06:02:52.713000","6888ac155ebf84dd9855ea99","younesdgc@gmail.com","false"
"agent-4","","revenue","310.25","2024-11-02","Reddit Community","https://reddit.com","","","","","68e7500c4eae3dbaf591e2e7","2025-10-09T06:02:52.713000","2025-10-09T06:02:52.713000","6888ac155ebf84dd9855ea99","younesdgc@gmail.com","false"
"agent-4","","revenue","315.75","2024-09-20","Community Forum","https://community.com","","","","","68e7500c4eae3dbaf591e2f7","2025-10-09T06:02:52.713000","2025-10-09T06:02:52.713000","6888ac155ebf84dd9855ea99","younesdgc@gmail.com","false"
"agent-2","","revenue","485","2024-09-02","SEO Traffic","https://google.com","","","","","68e7500c4eae3dbaf591e2fe","2025-10-09T06:02:52.713000","2025-10-09T06:02:52.713000","6888ac155ebf84dd9855ea99","younesdgc@gmail.com","false"
"agent-2","","revenue","520","2024-12-05","LinkedIn B2B","https://linkedin.com","","","","","68e7500c4eae3dbaf591e2d9","2025-10-09T06:02:52.713000","2025-10-09T06:02:52.713000","6888ac155ebf84dd9855ea99","younesdgc@gmail.com","false"
"agent-2","","revenue","780","2024-11-28","Black Friday Sales","https://realworldcerts.com","","","","","68e7500c4eae3dbaf591e2dc","2025-10-09T06:02:52.713000","2025-10-09T06:02:52.713000","6888ac155ebf84dd9855ea99","younesdgc@gmail.com","false"
"agent-4","","revenue","150.75","2024-12-08","Reddit Traffic","https://reddit.com","","","","","68e7500c4eae3dbaf591e2d8","2025-10-09T06:02:52.713000","2025-10-09T06:02:52.713000","6888ac155ebf84dd9855ea99","younesdgc@gmail.com","false"
"agent-3","","revenue","715.75","2024-11-08","YouTube Traffic","https://youtube.com","","","","","68e7500c4eae3dbaf591e2e5","2025-10-09T06:02:52.713000","2025-10-09T06:02:52.713000","6888ac155ebf84dd9855ea99","younesdgc@gmail.com","false"
"agent-3","","revenue","680.5","2024-12-03","YouTube Referrals","https://youtube.com","","","","","68e7500c4eae3dbaf591e2da","2025-10-09T06:02:52.713000","2025-10-09T06:02:52.713000","6888ac155ebf84dd9855ea99","younesdgc@gmail.com","false"
"agent-4","","revenue","340.75","2024-11-22","Twitter Campaign","https://twitter.com","","","","","68e7500c4eae3dbaf591e2df","2025-10-09T06:02:52.713000","2025-10-09T06:02:52.713000","6888ac155ebf84dd9855ea99","younesdgc@gmail.com","false"
"agent-1","","revenue","620","2024-11-25","Affiliate Commission","https://affiliate.com","","","","","68e7500c4eae3dbaf591e2de","2025-10-09T06:02:52.713000","2025-10-09T06:02:52.713000","6888ac155ebf84dd9855ea99","younesdgc@gmail.com","false"
"agent-1","","revenue","325","2024-12-10","realworldcerts.com","https://realworldcerts.com","","","","","68e7500c4eae3dbaf591e2d7","2025-10-09T06:02:52.713000","2025-10-09T06:02:52.713000","6888ac155ebf84dd9855ea99","younesdgc@gmail.com","false"
"agent-3","","revenue","825.25","2024-11-18","Course Bundle","https://realworldcerts.com","","","","","68e7500c4eae3dbaf591e2e1","2025-10-09T06:02:52.713000","2025-10-09T06:02:52.713000","6888ac155ebf84dd9855ea99","younesdgc@gmail.com","false"
"agent-1","","revenue","380","2024-11-15","realworldcerts.com","https://realworldcerts.com","","","","","68e7500c4eae3dbaf591e2e2","2025-10-09T06:02:52.713000","2025-10-09T06:02:52.713000","6888ac155ebf84dd9855ea99","younesdgc@gmail.com","false"
"agent-4","","revenue","395.75","2024-10-22","Facebook Ads","https://facebook.com","","","","","68e7500c4eae3dbaf591e2eb","2025-10-09T06:02:52.713000","2025-10-09T06:02:52.713000","6888ac155ebf84dd9855ea99","younesdgc@gmail.com","false"
"agent-1","","revenue","445.25","2024-10-18","realworldcerts.com","https://realworldcerts.com","","","","","68e7500c4eae3dbaf591e2ed","2025-10-09T06:02:52.713000","2025-10-09T06:02:52.713000","6888ac155ebf84dd9855ea99","younesdgc@gmail.com","false"
"agent-1","","revenue","720","2024-09-28","End of Q3 Push","https://realworldcerts.com","","","","","68e7500c4eae3dbaf591e2f4","2025-10-09T06:02:52.713000","2025-10-09T06:02:52.713000","6888ac155ebf84dd9855ea99","younesdgc@gmail.com","false"
"agent-1","","revenue","425","2024-11-05","Direct Marketing","https://realworldcerts.com","","","","","68e7500c4eae3dbaf591e2e6","2025-10-09T06:02:52.713000","2025-10-09T06:02:52.713000","6888ac155ebf84dd9855ea99","younesdgc@gmail.com","false"
"agent-3","","revenue","755","2024-10-10","Webinar Sales","https://realworldcerts.com","","","","","68e7500c4eae3dbaf591e2f0","2025-10-09T06:02:52.713000","2025-10-09T06:02:52.713000","6888ac155ebf84dd9855ea99","younesdgc@gmail.com","false"
"agent-4","","revenue","375.5","2024-09-10","YouTube Sponsors","https://youtube.com","","","","","68e7500c4eae3dbaf591e2fb","2025-10-09T06:02:52.713000","2025-10-09T06:02:52.713000","6888ac155ebf84dd9855ea99","younesdgc@gmail.com","false"
"agent-2","","revenue","275","2024-12-14","Affiliate Program","https://affiliate-network.com","","","","","68e0f56d5a1c0e13fda4321f","2025-10-04T10:22:37.506000","2025-10-04T10:22:37.506000","6888ac155ebf84dd9855ea99","younesdgc@gmail.com","false"
"agent-1","","revenue","325","2024-12-12","realworldcerts.com","https://realworldcerts.com","","","","","68e0f56d5a1c0e13fda43221","2025-10-04T10:22:37.506000","2025-10-04T10:22:37.506000","6888ac155ebf84dd9855ea99","younesdgc@gmail.com","false"
"agent-4","","revenue","150.75","2024-12-11","Reddit Conversions","https://reddit.com/r/certifications","","","","","68e0f56d5a1c0e13fda43222","2025-10-04T10:22:37.506000","2025-10-04T10:22:37.506000","6888ac155ebf84dd9855ea99","younesdgc@gmail.com","false"
"agent-3","","revenue","680.5","2024-12-09","YouTube Referrals","https://youtube.com","","","","","68e0f56d5a1c0e13fda43224","2025-10-04T10:22:37.506000","2025-10-04T10:22:37.506000","6888ac155ebf84dd9855ea99","younesdgc@gmail.com","false"
"agent-3","","revenue","890.25","2024-12-13","Course Sales","https://realworldcerts.com/courses","","","","","68e0f56d5a1c0e13fda43220","2025-10-04T10:22:37.506000","2025-10-04T10:22:37.506000","6888ac155ebf84dd9855ea99","younesdgc@gmail.com","false"
"agent-1","","revenue","450.5","2024-12-15","realworldcerts.com","https://realworldcerts.com","","","","","68e0f56d5a1c0e13fda4321e","2025-10-04T10:22:37.506000","2025-10-04T10:22:37.506000","6888ac155ebf84dd9855ea99","younesdgc@gmail.com","false"
"agent-2","","revenue","520","2024-12-10","LinkedIn Traffic","https://linkedin.com","","","","","68e0f56d5a1c0e13fda43223","2025-10-04T10:22:37.506000","2025-10-04T10:22:37.506000","6888ac155ebf84dd9855ea99","younesdgc@gmail.com","false"
"agent-1","","traffic","2400","2025-01-06","Twitter","https://www.realworldcerts.com","","","","","68bbde98768731d1ecd410b8","2025-09-06T07:11:20.844000","2025-09-06T07:11:20.844000","6888ac155ebf84dd9855ea99","younesdgc@gmail.com","false"
"agent-2","","conversions","32","2025-01-05","LinkedIn","https://www.udemy.com/user/younes-tsouli-2/","","","","","68bbde98768731d1ecd410bc","2025-09-06T07:11:20.844000","2025-09-06T07:11:20.844000","6888ac155ebf84dd9855ea99","younesdgc@gmail.com","false"
"agent-5","","engagement","890","2025-01-05","TikTok","https://www.udemy.com/user/younes-tsouli-2/","","","","","68bbde98768731d1ecd410bf","2025-09-06T07:11:20.844000","2025-09-06T07:11:20.844000","6888ac155ebf84dd9855ea99","younesdgc@gmail.com","false"
"agent-2","","traffic","1398","2025-01-05","LinkedIn","https://www.udemy.com/user/younes-tsouli-2/","","","","","68bbde98768731d1ecd410b9","2025-09-06T07:11:20.844000","2025-09-06T07:11:20.844000","6888ac155ebf84dd9855ea99","younesdgc@gmail.com","false"
"agent-1","","conversions","45","2025-01-06","Twitter","https://www.realworldcerts.com","","","","","68bbde98768731d1ecd410bb","2025-09-06T07:11:20.844000","2025-09-06T07:11:20.844000","6888ac155ebf84dd9855ea99","younesdgc@gmail.com","false"
"agent-4","","engagement","1240","2025-01-06","YouTube","https://www.realworldcerts.com","","","","","68bbde98768731d1ecd410be","2025-09-06T07:11:20.844000","2025-09-06T07:11:20.844000","6888ac155ebf84dd9855ea99","younesdgc@gmail.com","false"
"agent-1","","revenue","2840","2025-01-06","Multiple","https://www.realworldcerts.com","","","","","68bbde98768731d1ecd410c0","2025-09-06T07:11:20.844000","2025-09-06T07:11:20.844000","6888ac155ebf84dd9855ea99","younesdgc@gmail.com","false"
"agent-2","","revenue","1680","2025-01-05","Multiple","https://www.udemy.com/user/younes-tsouli-2/","","","","","68bbde98768731d1ecd410c1","2025-09-06T07:11:20.844000","2025-09-06T07:11:20.844000","6888ac155ebf84dd9855ea99","younesdgc@gmail.com","false"
"agent-3","","conversions","78","2025-01-04","Reddit","https://www.realworldcerts.com","","","","","68bbde98768731d1ecd410bd","2025-09-06T07:11:20.844000","2025-09-06T07:11:20.844000","6888ac155ebf84dd9855ea99","younesdgc@gmail.com","false"
"agent-3","","traffic","9800","2025-01-04","Reddit","https://www.realworldcerts.com","","","","","68bbde98768731d1ecd410ba","2025-09-06T07:11:20.844000","2025-09-06T07:11:20.844000","6888ac155ebf84dd9855ea99","younesdgc@gmail.com","false"