courseId,title,is_practice_test_course,quizId,type,quiz_title,quiz_date_created,quiz_isPublished,questionId,question_type,prompt,correctResponse,question_date_created
5932766,Mastering Ethical Hacking and AI Integration,0,6328986,simple-quiz,Advanced Ethical Hacking Techniques,2024-04-19,Yes,80505212,multiple-choice,"{""question"":""<p><strong>Which of the following is NOT a common post-exploitation activity?</strong></p>"",""relatedLectureIds"":"""",""feedbacks"":["""","""","""",""""],""answers"":[""<p>Exfiltrating sensitive data</p>"",""<p>Increasing network bandwidth</p>"",""<p>Installing a backdoor</p>"",""<p>Gathering additional system information</p>""]}","[""b""]",2024-04-19
5932766,Mastering Ethical Hacking and AI Integration,0,6328986,simple-quiz,Advanced Ethical Hacking Techniques,2024-04-19,Yes,80505170,multiple-choice,"{""question"":""<p><strong>What does a 'buffer overflow' exploit do?</strong></p>"",""relatedLectureIds"":"""",""feedbacks"":["""","""","""",""""],""answers"":[""<p>Corrupts the memory of an application to execute arbitrary code</p>"",""<p>Overloads the server with requests until it crashes</p>"",""<p>Scans for open ports on a network</p>"",""<p>Decrypts encrypted files without a key</p>""]}","[""a""]",2024-04-19
5932766,Mastering Ethical Hacking and AI Integration,0,6328986,simple-quiz,Advanced Ethical Hacking Techniques,2024-04-19,Yes,80505194,multiple-choice,"{""question"":""<p><strong>True or False: The primary goal of a rootkit is to gain unauthorized access to a computer and conceal its presence from users and security tools.</strong></p>"",""relatedLectureIds"":"""",""feedbacks"":["""",""""],""answers"":[""<p>False</p>"",""<p>True</p>""]}","[""b""]",2024-04-19
5932766,Mastering Ethical Hacking and AI Integration,0,6328986,simple-quiz,Advanced Ethical Hacking Techniques,2024-04-19,Yes,80505128,multiple-choice,"{""question"":""<p><strong>Which of the following is a tool used for advanced password cracking?</strong></p>"",""relatedLectureIds"":"""",""feedbacks"":["""","""","""",""""],""answers"":[""<p>Wireshark</p>"",""<p>John the Ripper</p>"",""<p>Nessus</p>"",""<p>Snort</p>""]}","[""b""]",2024-04-19
5932766,Mastering Ethical Hacking and AI Integration,0,6328986,simple-quiz,Advanced Ethical Hacking Techniques,2024-04-19,Yes,80505230,multiple-choice,"{""question"":""<p><strong>What is the purpose of using a sandbox environment in the context of ethical hacking?</strong></p>"",""relatedLectureIds"":"""",""feedbacks"":["""","""","""",""""],""answers"":[""<p>To restrict the rights of the system administrator</p>"",""<p>To increase the processing power available</p>"",""<p>To safely test and analyze malicious code</p>"",""<p>To create a backup of the system</p>""]}","[""c""]",2024-04-19
5932766,Mastering Ethical Hacking and AI Integration,0,6328986,simple-quiz,Advanced Ethical Hacking Techniques,2024-04-19,Yes,80505144,multiple-choice,"{""question"":""<p><strong>True or False: SQL injection is a technique that can be used to execute arbitrary SQL code on a database server.</strong></p>"",""relatedLectureIds"":"""",""feedbacks"":["""",""""],""answers"":[""<p>True </p>"",""<p>False</p>""]}","[""a""]",2024-04-19
5932766,Mastering Ethical Hacking and AI Integration,0,6328986,simple-quiz,Advanced Ethical Hacking Techniques,2024-04-19,Yes,80505186,multiple-choice,"{""question"":""<p><strong>Scenario Question: You are performing a penetration test and need to maintain access to a compromised system. Which of the following tools or techniques would you use?</strong></p>"",""relatedLectureIds"":"""",""feedbacks"":["""","""","""",""""],""answers"":[""<p>Nmap</p>"",""<p>Netcat</p>"",""<p>John the Ripper</p>"",""<p>Wireshark</p>""]}","[""b""]",2024-04-19
5932766,Mastering Ethical Hacking and AI Integration,0,6328900,simple-quiz,Assess Your Knowledge on Cybersecurity Basics,2024-04-19,Yes,80504670,multiple-choice,"{""question"":""<p><strong>Identify which practice is NOT a method of safeguarding your online security.</strong></p>"",""relatedLectureIds"":[""43388908""],""feedbacks"":["""","""","""",""""],""answers"":[""<p>Using strong, complex passwords</p>"",""<p>Clicking on links in unsolicited emails</p>"",""<p>Regularly updating software</p>"",""<p>Enabling two-factor authentication</p>""]}","[""b""]",2024-04-19
5932766,Mastering Ethical Hacking and AI Integration,0,6328900,simple-quiz,Assess Your Knowledge on Cybersecurity Basics,2024-04-19,Yes,80504640,multiple-choice,"{""question"":""<p><strong>True or False: Antivirus software is enough to ensure your complete security online.</strong></p>"",""relatedLectureIds"":[""43388908""],""feedbacks"":["""",""""],""answers"":[""<p>True</p>"",""<p>False</p>""]}","[""b""]",2024-04-19
5932766,Mastering Ethical Hacking and AI Integration,0,6328900,simple-quiz,Assess Your Knowledge on Cybersecurity Basics,2024-04-19,Yes,80504656,multiple-choice,"{""question"":""<p><strong>What is a firewall used for in a network?</strong></p>"",""relatedLectureIds"":[""43388908""],""feedbacks"":["""","""","""",""""],""answers"":[""<p>Monitoring network traffic</p>"",""<p>Blocking unauthorized access while permitting outward communication</p>"",""<p>Increasing the speed of network connections</p>"",""<p>Both A and B</p>""]}","[""d""]",2024-04-19
5932766,Mastering Ethical Hacking and AI Integration,0,6328900,simple-quiz,Assess Your Knowledge on Cybersecurity Basics,2024-04-19,Yes,80504626,multiple-choice,"{""question"":""<p><strong>What does the term 'phishing' refer to in cybersecurity?</strong></p>"",""relatedLectureIds"":[""43388908""],""feedbacks"":["""","""","""",""""],""answers"":[""<p>A method used to catch fish</p>"",""<p>An attack that sends emails from a well-known source to obtain sensitive information</p>"",""<p>A technique to secure networks</p>"",""<p>Scanning and removing viruses from a computer</p>""]}","[""b""]",2024-04-19
5932766,Mastering Ethical Hacking and AI Integration,0,6328912,simple-quiz,Ethical Hacking Fundamentals Quiz,2024-04-19,Yes,80503624,multiple-choice,"{""question"":""<p>Why is Ethical Hacking significant in the Digital Era?</p>"",""relatedLectureIds"":[""43387472""],""feedbacks"":["""","""",""""],""answers"":[""<p>To increase cybercrime</p>"",""<p>To promote unethical behavior</p>"",""<p>To enhance cybersecurity measures</p>""]}","[""c""]",2024-04-19
5932766,Mastering Ethical Hacking and AI Integration,0,6328912,simple-quiz,Ethical Hacking Fundamentals Quiz,2024-04-19,Yes,80503606,multiple-choice,"{""question"":""<p>What is the main purpose of Ethical Hacking?</p>"",""relatedLectureIds"":[""43387494""],""feedbacks"":["""","""",""""],""answers"":[""<p>To gain unauthorized access to systems</p>"",""<p>To identify vulnerabilities in systems and improve security</p>"",""<p>To disrupt systems and cause harm</p>""]}","[""b""]",2024-04-19
5932766,Mastering Ethical Hacking and AI Integration,0,6328912,simple-quiz,Ethical Hacking Fundamentals Quiz,2024-04-19,Yes,80503620,multiple-choice,"{""question"":""<p>How has your journey in mastering Ethical Hacking impacted your understanding of cybersecurity?</p>"",""relatedLectureIds"":[""43387472""],""feedbacks"":["""","""",""""],""answers"":[""<p>It has enhanced my knowledge and skills in cybersecurity</p>"",""<p>It has not made a difference</p>"",""<p>It has made me less aware of cybersecurity concerns</p>""]}","[""a""]",2024-04-19
5932766,Mastering Ethical Hacking and AI Integration,0,6328912,simple-quiz,Ethical Hacking Fundamentals Quiz,2024-04-19,Yes,80503614,multiple-choice,"{""question"":""<p>What is the importance of navigating legal and ethical considerations in Ethical Hacking?</p>"",""relatedLectureIds"":[""43387466""],""feedbacks"":["""","""",""""],""answers"":[""<p>It is not necessary to consider legal and ethical aspects in Ethical Hacking</p>"",""<p>To ensure compliance with laws and regulations</p>"",""<p>To bypass legal restrictions</p>""]}","[""b""]",2024-04-19
5934528,Harnessing Hypersensitivity,0,6331592,simple-quiz,Understanding and Managing Hypersensitivity,2024-04-21,Yes,80594760,multiple-choice,"{""question"":""<p>Which strategy is effective in managing overwhelming emotions during social interactions?</p>"",""relatedLectureIds"":"""",""feedbacks"":["""","""","""",""""],""answers"":[""<p>Avoiding all social interactions</p>"",""<p>Practicing deep breathing exercises</p>"",""<p>Ignoring your emotions</p>"",""<p>Increasing sensory input</p>""]}","[""b""]",2024-04-21
5934528,Harnessing Hypersensitivity,0,6331592,simple-quiz,Understanding and Managing Hypersensitivity,2024-04-21,Yes,80594742,multiple-choice,"{""question"":""<p>Which of the following is NOT a component of Emotional Intelligence?</p>"",""relatedLectureIds"":"""",""feedbacks"":["""","""","""",""""],""answers"":[""<p>Self-awareness</p>"",""<p>Self-management</p>"",""<p>Cognitive reframing</p>"",""<p>Relationship management</p>""]}","[""c""]",2024-04-21
5934528,Harnessing Hypersensitivity,0,6331592,simple-quiz,Understanding and Managing Hypersensitivity,2024-04-21,Yes,80594766,multiple-choice,"{""question"":""<p>What does SMART in SMART goals stand for?</p>"",""relatedLectureIds"":"""",""feedbacks"":["""","""","""",""""],""answers"":[""<p>Specific, Measurable, Achievable, Relevant, Time-bound</p>"",""<p>Simple, Measurable, Attainable, Relevant, Timely</p>"",""<p>Specific, Mediocre, Arbitrary, Random, Timed</p>"",""<p>None of the above</p>""]}","[""a""]",2024-04-21
5934528,Harnessing Hypersensitivity,0,6331592,simple-quiz,Understanding and Managing Hypersensitivity,2024-04-21,Yes,80594792,multiple-choice,"{""question"":""<p>Behaviorism by B.F. Skinner emphasizes the role of:</p>"",""relatedLectureIds"":"""",""feedbacks"":["""","""","""",""""],""answers"":[""<p>Unconscious motivations</p>"",""<p>Internal thought processes</p>"",""<p>Environmental effects on observable behavior</p>"",""<p>Genetic predispositions</p>""]}","[""c""]",2024-04-21
5934528,Harnessing Hypersensitivity,0,6331592,simple-quiz,Understanding and Managing Hypersensitivity,2024-04-21,Yes,80594800,multiple-choice,"{""question"":""<p>Which of the following is a recommended coping strategy for hypersensitivity?</p>"",""relatedLectureIds"":"""",""feedbacks"":["""","""","""",""""],""answers"":[""<p>Avoiding any new experiences</p>"",""<p>Engaging in systematic desensitization</p>"",""<p>Focusing on negative outcomes</p>"",""<p>Suppressing emotional responses</p>""]}","[""b""]",2024-04-21
5934528,Harnessing Hypersensitivity,0,6331592,simple-quiz,Understanding and Managing Hypersensitivity,2024-04-21,Yes,80594752,multiple-choice,"{""question"":""<p>Cognitive Behavioral Therapy (CBT) is particularly useful for hypersensitive individuals because:</p>"",""relatedLectureIds"":"""",""feedbacks"":["""","""","""",""""],""answers"":[""<p>It discourages any form of emotional expression</p>"",""<p>It focuses solely on childhood experiences</p>"",""<p>It helps individuals reframe negative thoughts about their sensitivity</p>"",""<p>It uses medication to treat hypersensitivity</p>""]}","[""c""]",2024-04-21
5934528,Harnessing Hypersensitivity,0,6331592,simple-quiz,Understanding and Managing Hypersensitivity,2024-04-21,Yes,80594812,multiple-choice,"{""question"":""<p>How can hypersensitive individuals leverage their trait in professional environments?</p>"",""relatedLectureIds"":"""",""feedbacks"":["""","""","""",""""],""answers"":[""<p>By completely hiding their sensitivity</p>"",""<p>By using their heightened empathy to enhance team dynamics</p>"",""<p>By avoiding teamwork</p>"",""<p>None of the above</p>""]}","[""b""]",2024-04-21
5934528,Harnessing Hypersensitivity,0,6331592,simple-quiz,Understanding and Managing Hypersensitivity,2024-04-21,Yes,80594736,multiple-choice,"{""question"":""<p>What is the primary benefit of practicing mindfulness for individuals with hypersensitivity?</p>"",""relatedLectureIds"":"""",""feedbacks"":["""","""","""",""""],""answers"":[""<p>It helps in avoiding stressful situations completely</p>"",""<p>It enhances sensory processing speed</p>"",""<p>It promotes a better response to sensory stimuli through heightened awareness</p>"",""<p>It eliminates the need for social interactions</p>""]}","[""c""]",2024-04-21
5934528,Harnessing Hypersensitivity,0,6331592,simple-quiz,Understanding and Managing Hypersensitivity,2024-04-21,Yes,80594722,multiple-choice,"{""question"":""<p>What is hypersensitivity?</p>"",""relatedLectureIds"":"""",""feedbacks"":["""","""","""",""""],""answers"":[""<p>An extreme psychological disorder marked by psychosis</p>"",""<p>Increased sensitivity to environmental stimuli, such as sounds and lights</p>"",""<p>A type of personality trait characterized by extroversion</p>"",""<p>None of the above</p>""]}","[""b""]",2024-04-21
5934528,Harnessing Hypersensitivity,0,6331592,simple-quiz,Understanding and Managing Hypersensitivity,2024-04-21,Yes,80594726,multiple-choice,"{""question"":""<p>Which psychological theory focuses on the importance of childhood experiences and unconscious motives?</p>"",""relatedLectureIds"":"""",""feedbacks"":["""","""","""",""""],""answers"":[""<p>Cognitive Behavioral Theory</p>"",""<p>Psychodynamic Theory</p>"",""<p>Behaviorism</p>"",""<p>Positive Psychology</p>""]}","[""b""]",2024-04-21
5941036,Automation in Project Management with GenAI,0,6335408,simple-quiz,Performance Monitoring in GenAI for Project Management,2024-04-24,Yes,80757292,multiple-choice,"{""question"":""<p>Regular performance reviews and monitoring of GenAI tools should ideally take place:</p>"",""relatedLectureIds"":"""",""feedbacks"":["""","""","""",""""],""answers"":[""<p>Once every five years</p>"",""<p>At the end of the project lifecycle</p>"",""<p>Monthly or quarterly</p>"",""<p>Only at the project kickoff</p>""]}","[""c""]",2024-04-24
5941036,Automation in Project Management with GenAI,0,6335408,simple-quiz,Performance Monitoring in GenAI for Project Management,2024-04-24,Yes,80757054,multiple-choice,"{""question"":""<p>What Key Performance Indicator (KPI) is most relevant when assessing the efficiency gains provided by GenAI tools in project management?</p>"",""relatedLectureIds"":"""",""feedbacks"":["""","""","""",""""],""answers"":[""<p>Number of stakeholder meetings</p>"",""<p>Time saved on automated tasks</p>"",""<p>Frequency of software updates</p>"",""<p>Number of project management certifications held by team members</p>""]}","[""b""]",2024-04-24
5941036,Automation in Project Management with GenAI,0,6335408,simple-quiz,Performance Monitoring in GenAI for Project Management,2024-04-24,Yes,80757058,multiple-choice,"{""question"":""<p>Which tool would you typically use to track and visualize KPIs for GenAI implementations?</p>"",""relatedLectureIds"":"""",""feedbacks"":["""","""","""",""""],""answers"":[""<p>A physical logbook</p>"",""<p>A project management software with built-in analytics features</p>"",""<p>A basic text editor</p>"",""<p>A standalone calculator</p>""]}","[""b""]",2024-04-24
5941036,Automation in Project Management with GenAI,0,6335408,simple-quiz,Performance Monitoring in GenAI for Project Management,2024-04-24,Yes,80757080,multiple-choice,"{""question"":""<p>What is an effective method for collecting qualitative feedback on the performance of GenAI tools from team members?</p>"",""relatedLectureIds"":"""",""feedbacks"":["""","""","""",""""],""answers"":[""<p>Counting the number of logins to the tool</p>"",""<p>Analyzing server uptime statistics</p>"",""<p>Conducting surveys and interviews</p>"",""<p>Measuring the electrical usage of the server hosting the AI</p>""]}","[""c""]",2024-04-24
5941036,Automation in Project Management with GenAI,0,6335408,simple-quiz,Performance Monitoring in GenAI for Project Management,2024-04-24,Yes,80757294,multiple-choice,"{""question"":""<p>An important aspect of performance monitoring for GenAI tools in project management is:</p>"",""relatedLectureIds"":"""",""feedbacks"":["""","""","""",""""],""answers"":[""<p>Ensuring that the office Wi-Fi is fast enough</p>"",""<p>Ensuring that all user activities are logged for compliance purposes</p>"",""<p>Ensuring data accuracy and the effectiveness of the AI's output</p>"",""<p>Ensuring that all team members prefer the same project management methodologies</p>""]}","[""c""]",2024-04-24
5941036,Automation in Project Management with GenAI,0,6335408,simple-quiz,Performance Monitoring in GenAI for Project Management,2024-04-24,Yes,80757086,multiple-choice,"{""question"":""<p>Benchmarking the performance of your GenAI tools against industry standards requires:</p>"",""relatedLectureIds"":"""",""feedbacks"":["""","""","""",""""],""answers"":[""<p>Checking the physical durability of the hardware used</p>"",""<p>Comparing your KPIs with those achieved by similar tools in similar projects</p>"",""<p>Monitoring the social media activity of competitors</p>"",""<p>Estimating the color preferences of stakeholders</p>""]}","[""b""]",2024-04-24
5941036,Automation in Project Management with GenAI,0,6335408,simple-quiz,Performance Monitoring in GenAI for Project Management,2024-04-24,Yes,80757064,multiple-choice,"{""question"":""<p>When conducting performance reviews of GenAI tools, it is essential to involve:</p>"",""relatedLectureIds"":"""",""feedbacks"":["""","""","""",""""],""answers"":[""<p>Only the project manager</p>"",""<p>The entire project team and IT support</p>"",""<p>Only external stakeholders</p>"",""<p>Only GenAI tool vendors</p>""]}","[""b""]",2024-04-24
5941036,Automation in Project Management with GenAI,0,6335408,simple-quiz,Performance Monitoring in GenAI for Project Management,2024-04-24,Yes,80757068,multiple-choice,"{""question"":""<p>Which metric would be least relevant when evaluating the performance of a GenAI tool used in project management?</p>"",""relatedLectureIds"":"""",""feedbacks"":["""","""","""",""""],""answers"":[""<p>Project completion rates</p>"",""<p>Color scheme of the project management software interface</p>"",""<p>Accuracy of task completion predictions</p>"",""<p>User satisfaction and adoption rates</p>""]}","[""b""]",2024-04-24
5941036,Automation in Project Management with GenAI,0,6335406,simple-quiz,Tools and Technologies in GenAI for Project Management,2024-04-24,Yes,80757050,multiple-choice,"{""question"":""<p>What is the primary benefit of using AI in Slack for project management?</p>"",""relatedLectureIds"":"""",""feedbacks"":["""","""","""",""""],""answers"":[""<p>It provides high-level security against cyber threats.</p>"",""<p>It helps in managing project communications more effectively.</p>"",""<p>It creates budget reports automatically.</p>"",""<p>It offers 3D modeling of project outcomes.</p>""]}","[""b""]",2024-04-24
5941036,Automation in Project Management with GenAI,0,6335406,simple-quiz,Tools and Technologies in GenAI for Project Management,2024-04-24,Yes,80755870,multiple-choice,"{""question"":""<p>Which tool integrates AI to enhance work management through automated risk prediction and resource allocation recommendations?</p>"",""relatedLectureIds"":"""",""feedbacks"":["""","""","""",""""],""answers"":[""<p>ClickUp</p>"",""<p>Wrike</p>"",""<p>Zoho Projects</p>"",""<p>nTask</p>""]}","[""b""]",2024-04-24
5941036,Automation in Project Management with GenAI,0,6335406,simple-quiz,Tools and Technologies in GenAI for Project Management,2024-04-24,Yes,80757046,multiple-choice,"{""question"":""<p>Microsoft Project &amp; Microsoft Planner are known for their integration within a larger suite. What AI capability do these tools offer for project management?</p>"",""relatedLectureIds"":"""",""feedbacks"":["""","""","""",""""],""answers"":[""<p>Predicting project durations and optimizing resource management.</p>"",""<p>Automatic translation of project documents.</p>"",""<p>Generating virtual reality environments for project visualization.</p>"",""<p>Developing AI algorithms for external client use.</p>""]}","[""a""]",2024-04-24
5941036,Automation in Project Management with GenAI,0,6335406,simple-quiz,Tools and Technologies in GenAI for Project Management,2024-04-24,Yes,80756118,multiple-choice,"{""question"":""<p>In the context of GenAI tools, what functionality does Zoho Projects' AI assistant, Zia, provide?</p>"",""relatedLectureIds"":"""",""feedbacks"":["""","""","""",""""],""answers"":[""<p>It can automatically resolve human resource issues.</p>"",""<p>It offers insights and generates reports based on project data.</p>"",""<p>It functions exclusively as a chatbot for scheduling.</p>"",""<p>It predicts the financial outcomes of projects.</p>""]}","[""b""]",2024-04-24
5941036,Automation in Project Management with GenAI,0,6335406,simple-quiz,Tools and Technologies in GenAI for Project Management,2024-04-24,Yes,80756826,multiple-choice,"{""question"":""<p>What unique AI feature does Smartsheet employ to enhance project management?</p>"",""relatedLectureIds"":"""",""feedbacks"":["""","""","""",""""],""answers"":[""<p>Automated meeting transcription.</p>"",""<p>Workflow automation and advanced data analytics.</p>"",""<p>Only email management.</p>"",""<p>AI-generated code for software development.</p>""]}","[""b""]",2024-04-24
5941036,Automation in Project Management with GenAI,0,6335406,simple-quiz,Tools and Technologies in GenAI for Project Management,2024-04-24,Yes,80755778,multiple-choice,"{""question"":""<p>Which GenAI tool is renowned for its use of natural language commands to automate project management tasks?</p>"",""relatedLectureIds"":"""",""feedbacks"":["""","""","""",""""],""answers"":[""<p>Slack</p>"",""<p>Trello (Butler)</p>"",""<p>Microsoft Project</p>"",""<p>Asana</p>""]}","[""b""]",2024-04-24
5941036,Automation in Project Management with GenAI,0,6335406,simple-quiz,Tools and Technologies in GenAI for Project Management,2024-04-24,Yes,80755864,multiple-choice,"{""question"":""<p>What feature distinguishes Monday.com in the landscape of GenAI project management tools?</p>"",""relatedLectureIds"":"""",""feedbacks"":["""","""","""",""""],""answers"":[""<p>It primarily focuses on communication.</p>"",""<p>It offers advanced risk management predictions.</p>"",""<p>It provides project forecasting and workload planning using AI.</p>"",""<p>It uses AI solely for data security purposes.</p>""]}","[""c""]",2024-04-24
5941036,Automation in Project Management with GenAI,0,6335406,simple-quiz,Tools and Technologies in GenAI for Project Management,2024-04-24,Yes,80756220,multiple-choice,"{""question"":""<p>How does Asana utilize AI to benefit project management?</p>"",""relatedLectureIds"":"""",""feedbacks"":["""","""","""",""""],""answers"":[""<p>By providing real-time communication tools.</p>"",""<p>By generating predictive task management and automated prioritization.</p>"",""<p>By offering end-to-end encryption for project data.</p>"",""<p>By automating only the file storage and sharing aspects.</p>""]}","[""b""]",2024-04-24
5941036,Automation in Project Management with GenAI,0,6335404,simple-quiz,Introduction to GenAI in Project Management,2024-04-24,Yes,80755756,multiple-choice,"{""question"":""<p>Which of the following best describes the potential impact of bias in GenAI tools used in project management?</p>"",""relatedLectureIds"":"""",""feedbacks"":["""","""","""",""""],""answers"":[""<p>Bias in GenAI tools can lead to inefficiencies in resource allocation and may unfairly influence project outcomes.</p>"",""<p>Bias is beneficial as it speeds up the decision-making process by relying on proven patterns.</p>"",""<p>Bias affects only the initial setup of the GenAI system and is self-correcting over time.</p>"",""<p>Bias in GenAI tools has no real impact on project outcomes as long as the tools are properly maintained.</p>""]}","[""a""]",2024-04-24
5941036,Automation in Project Management with GenAI,0,6335404,simple-quiz,Introduction to GenAI in Project Management,2024-04-24,Yes,80755728,multiple-choice,"{""question"":""<p>Which of the following is NOT a typical application of GenAI in project management?</p>"",""relatedLectureIds"":"""",""feedbacks"":["""","""","""",""""],""answers"":[""<p>Automatically generating risk assessment reports</p>"",""<p>Creating project schedules based on historical data.</p>"",""<p>Transcribing minutes from project meetings.</p>"",""<p>Increasing the need for manual data entry.</p>""]}","[""d""]",2024-04-24
5941036,Automation in Project Management with GenAI,0,6335404,simple-quiz,Introduction to GenAI in Project Management,2024-04-24,Yes,80755768,multiple-choice,"{""question"":""<p>Predictive analytics in GenAI are used to forecast project risks. What type of data is essential for this function to be effective?</p>"",""relatedLectureIds"":"""",""feedbacks"":["""","""","""",""""],""answers"":[""<p>Data about the project team's lunch preferences.</p>"",""<p>Generic industry-wide data that is not project-specific.</p>"",""<p>Historical project data specific to the organization.</p>"",""<p>Only the data from current ongoing projects.</p>""]}","[""c""]",2024-04-24
5941036,Automation in Project Management with GenAI,0,6335404,simple-quiz,Introduction to GenAI in Project Management,2024-04-24,Yes,80755724,multiple-choice,"{""question"":""<p>What distinguishes generative AI (GenAI) from traditional AI technologies in the context of project management applications?</p>"",""relatedLectureIds"":"""",""feedbacks"":["""","""","""",""""],""answers"":[""<p>GenAI can only perform tasks that it has been explicitly programmed to do.</p>"",""<p>GenAI is primarily used for data storage and management.</p>"",""<p>GenAI is capable of generating new content and decisions based on trained models.</p>"",""<p>GenAI technologies are less advanced than traditional AI.</p>""]}","[""c""]",2024-04-24
5941036,Automation in Project Management with GenAI,0,6335404,simple-quiz,Introduction to GenAI in Project Management,2024-04-24,Yes,80755738,multiple-choice,"{""question"":""<p>In the implementation of GenAI in project management, what is the importance of 'explainability' in AI systems?</p>"",""relatedLectureIds"":"""",""feedbacks"":["""","""","""",""""],""answers"":[""<p>It refers to the system's ability to generate expense reports.</p>"",""<p>It enhances the AI\u2019s capabilities in managing large datasets.</p>"",""<p>It ensures the AI system can explain its decision-making process, fostering transparency and trust.</p>"",""<p>It is irrelevant as long as the AI system delivers accurate results.</p>""]}","[""c""]",2024-04-24
5941036,Automation in Project Management with GenAI,0,6335404,simple-quiz,Introduction to GenAI in Project Management,2024-04-24,Yes,80755760,multiple-choice,"{""question"":""<p>What is a key strategy to mitigate risks when implementing GenAI in project management?</p>"",""relatedLectureIds"":"""",""feedbacks"":["""","""","""",""""],""answers"":[""<p>Implement GenAI across all projects simultaneously to quickly benefit from its capabilities.</p>"",""<p>Limit the use of GenAI to non-critical tasks until its reliability is proven.</p>"",""<p>Conduct pilot tests in controlled environments before wider deployment.</p>"",""<p>Use GenAI only for external communications to minimize internal disruptions.</p>""]}","[""c""]",2024-04-24
5941036,Automation in Project Management with GenAI,0,6335404,simple-quiz,Introduction to GenAI in Project Management,2024-04-24,Yes,80755746,multiple-choice,"{""question"":""<p>Considering the ethical implications of GenAI in project management, what potential issue should be most carefully managed to avoid bias in AI decision-making?</p>"",""relatedLectureIds"":"""",""feedbacks"":["""","""","""",""""],""answers"":[""<p>Ensuring the AI is used only during business hours.</p>"",""<p>Using multiple AI systems for the same tasks.</p>"",""<p>Careful selection and preparation of training data used to teach the AI.</p>"",""<p>Limiting the AI to administrative tasks only.</p>""]}","[""c""]",2024-04-24
5941036,Automation in Project Management with GenAI,0,6335404,simple-quiz,Introduction to GenAI in Project Management,2024-04-24,Yes,80755730,multiple-choice,"{""question"":""<p>GenAI can automate many project management tasks. Which of the following tasks would typically require human intervention rather than full automation by GenAI?</p>"",""relatedLectureIds"":"""",""feedbacks"":["""","""","""",""""],""answers"":[""<p>Scheduling project meetings.</p>"",""<p>Generating performance analytics.</p>"",""<p>Resolving complex team conflicts.</p>"",""<p>Sorting and prioritizing emails.</p>""]}","[""c""]",2024-04-24
5945952,Maîtrise du piratage éthique et de l'intégration de l'IA,0,6341874,simple-quiz,Techniques Avancées de Piratage Éthique,2024-04-29,Yes,80977826,multiple-choice,"{""question"":""<p>Quelle est la mani\u00e8re la plus efficace de se prot\u00e9ger contre les exploits zero-day ?</p>"",""relatedLectureIds"":"""",""feedbacks"":["""","""","""",""""],""answers"":[""<p>Changements fr\u00e9quents de mot de passe</p>"",""<p>Application des meilleures pratiques de s\u00e9curit\u00e9 et analyse de vuln\u00e9rabilit\u00e9</p>"",""<p>Chiffrement de toutes les donn\u00e9es sur le disque</p>"",""<p>Mise \u00e0 jour r\u00e9guli\u00e8re du logiciel antivirus</p>""]}","[""b""]",2024-04-29
5945952,Maîtrise du piratage éthique et de l'intégration de l'IA,0,6341874,simple-quiz,Techniques Avancées de Piratage Éthique,2024-04-29,Yes,80977376,multiple-choice,"{""question"":""<p>Que fait une exploitation de d\u00e9passement de tampon (buffer overflow) ?</p>"",""relatedLectureIds"":"""",""feedbacks"":["""","""","""",""""],""answers"":[""<p>Corrompt la m\u00e9moire d'une application pour ex\u00e9cuter du code arbitraire</p>"",""<p>Surcharge le serveur avec des requ\u00eates jusqu'\u00e0 ce qu'il se plante</p>"",""<p>Scan des ports ouverts sur un r\u00e9seau</p>"",""<p>D\u00e9chiffre des fichiers crypt\u00e9s sans cl\u00e9</p>""]}","[""a""]",2024-04-29
5945952,Maîtrise du piratage éthique et de l'intégration de l'IA,0,6341874,simple-quiz,Techniques Avancées de Piratage Éthique,2024-04-29,Yes,80977752,multiple-choice,"{""question"":""<p>Lequel des suivants n'est PAS une activit\u00e9 commune de post-exploitation ?</p>"",""relatedLectureIds"":"""",""feedbacks"":["""","""","""",""""],""answers"":[""<p>Exfiltration de donn\u00e9es sensibles</p>"",""<p>Augmentation de la bande passante du r\u00e9seau</p>"",""<p>Installation d'une porte d\u00e9rob\u00e9e</p>"",""<p>Collecte d'informations syst\u00e8me suppl\u00e9mentaires</p>""]}","[""b""]",2024-04-29
5945952,Maîtrise du piratage éthique et de l'intégration de l'IA,0,6341874,simple-quiz,Techniques Avancées de Piratage Éthique,2024-04-29,Yes,80977392,multiple-choice,"{""question"":""<p>Question de sc\u00e9nario : Vous effectuez un test de p\u00e9n\u00e9tration et devez maintenir l'acc\u00e8s \u00e0 un syst\u00e8me compromis. Quel(s) outil(s) ou technique(s) utiliseriez-vous ?</p>"",""relatedLectureIds"":"""",""feedbacks"":["""","""","""",""""],""answers"":[""<p>Nmap</p>"",""<p>Netcat</p>"",""<p>John the Ripper</p>"",""<p>Wireshark</p>""]}","[""b""]",2024-04-29
5945952,Maîtrise du piratage éthique et de l'intégration de l'IA,0,6341874,simple-quiz,Techniques Avancées de Piratage Éthique,2024-04-29,Yes,80977760,multiple-choice,"{""question"":""<p>Quel est l'objectif de l'utilisation d'un environnement sandbox dans le contexte du piratage \u00e9thique ?</p>"",""relatedLectureIds"":"""",""feedbacks"":["""","""","""",""""],""answers"":[""<p>Restreindre les droits de l'administrateur syst\u00e8me</p>"",""<p>Augmenter la puissance de traitement disponible</p>"",""<p>Tester et analyser en toute s\u00e9curit\u00e9 des codes malveillants</p>"",""<p>Cr\u00e9er une sauvegarde du syst\u00e8me</p>""]}","[""c""]",2024-04-29
5945952,Maîtrise du piratage éthique et de l'intégration de l'IA,0,6341874,simple-quiz,Techniques Avancées de Piratage Éthique,2024-04-29,Yes,80977366,multiple-choice,"{""question"":""<p>Vrai ou Faux : L'injection SQL est une technique qui peut \u00eatre utilis\u00e9e pour ex\u00e9cuter du code SQL arbitraire sur un serveur de base de donn\u00e9es.</p>"",""relatedLectureIds"":"""",""feedbacks"":["""",""""],""answers"":[""<p>Vrai</p>"",""<p>Faux</p>""]}","[""a""]",2024-04-29
5945952,Maîtrise du piratage éthique et de l'intégration de l'IA,0,6341874,simple-quiz,Techniques Avancées de Piratage Éthique,2024-04-29,Yes,80977318,multiple-choice,"{""question"":""<p>Lequel des suivants est un outil utilis\u00e9 pour le craquage de mot de passe avanc\u00e9 ?</p>"",""relatedLectureIds"":"""",""feedbacks"":["""","""","""",""""],""answers"":[""<p>Wireshark</p>"",""<p>John the Ripper</p>"",""<p>Nessus</p>"",""<p>Snort</p>""]}","[""b""]",2024-04-29
5945952,Maîtrise du piratage éthique et de l'intégration de l'IA,0,6341874,simple-quiz,Techniques Avancées de Piratage Éthique,2024-04-29,Yes,80977642,multiple-choice,"{""question"":""<p>Vrai ou Faux : L'objectif principal d'un rootkit est d'obtenir un acc\u00e8s non autoris\u00e9 \u00e0 un ordinateur et de dissimuler sa pr\u00e9sence aux utilisateurs et aux outils de s\u00e9curit\u00e9.</p>"",""relatedLectureIds"":"""",""feedbacks"":["""",""""],""answers"":[""<p>Vrai</p>"",""<p>Faux</p>""]}","[""a""]",2024-04-29
5945952,Maîtrise du piratage éthique et de l'intégration de l'IA,0,6341874,simple-quiz,Techniques Avancées de Piratage Éthique,2024-04-29,Yes,80977386,multiple-choice,"{""question"":""<p>S\u00e9lectionnez toutes les r\u00e9ponses applicables : Lesquelles des suivantes sont des techniques d'\u00e9vasion utilis\u00e9es dans le piratage \u00e9thique ?</p>"",""relatedLectureIds"":"""",""feedbacks"":["""","""","""","""",""""],""answers"":[""<p>Utilisation de charges utiles crypt\u00e9es</p>"",""<p>Code polymorphe</p>"",""<p>Phishing</p>"",""<p>Ing\u00e9nierie sociale</p>"",""<p>A et B</p>""]}","[""e""]",2024-04-29
5945952,Maîtrise du piratage éthique et de l'intégration de l'IA,0,6341874,simple-quiz,Techniques Avancées de Piratage Éthique,2024-04-29,Yes,80977772,multiple-choice,"{""question"":""<p>Quel protocole est commun\u00e9ment cibl\u00e9 lors d'une attaque de l'homme du milieu (MitM) ?</p>"",""relatedLectureIds"":"""",""feedbacks"":["""","""","""",""""],""answers"":[""<p>SNMP</p>"",""<p>SMTP</p>"",""<p>HTTP</p>"",""<p>FTP</p>""]}","[""c""]",2024-04-29
5945952,Maîtrise du piratage éthique et de l'intégration de l'IA,0,6340034,simple-quiz,Évaluez vos connaissances sur les bases de la cybersécurité,2024-04-27,Yes,80977196,multiple-choice,"{""question"":""<p>Vrai ou Faux : Le logiciel antivirus suffit \u00e0 garantir votre s\u00e9curit\u00e9 compl\u00e8te en ligne.</p>"",""relatedLectureIds"":"""",""feedbacks"":["""",""""],""answers"":[""<p>Vrai</p>"",""<p>Faux</p>""]}","[""b""]",2024-04-29
5945952,Maîtrise du piratage éthique et de l'intégration de l'IA,0,6340034,simple-quiz,Évaluez vos connaissances sur les bases de la cybersécurité,2024-04-27,Yes,80977206,multiple-choice,"{""question"":""<p>\u00c0 quoi sert un pare-feu dans un r\u00e9seau ?</p>"",""relatedLectureIds"":"""",""feedbacks"":["""","""","""",""""],""answers"":[""<p>Surveiller le trafic r\u00e9seau</p>"",""<p>Bloquer l'acc\u00e8s non autoris\u00e9 tout en permettant la communication vers l'ext\u00e9rieur</p>"",""<p>Augmenter la vitesse des connexions r\u00e9seau</p>"",""<p>A et B</p>""]}","[""d""]",2024-04-29
5945952,Maîtrise du piratage éthique et de l'intégration de l'IA,0,6340034,simple-quiz,Évaluez vos connaissances sur les bases de la cybersécurité,2024-04-27,Yes,80977190,multiple-choice,"{""question"":""<p>Que d\u00e9signe le terme 'phishing' en cybers\u00e9curit\u00e9 ?</p>"",""relatedLectureIds"":"""",""feedbacks"":["""","""","""",""""],""answers"":[""<p>Une m\u00e9thode utilis\u00e9e pour p\u00eacher</p>"",""<p>Une attaque qui envoie des courriels d'une source bien connue pour obtenir des informations sensibles</p>"",""<p>Une technique pour s\u00e9curiser les r\u00e9seaux</p>"",""<p>Scanner et supprimer les virus d'un ordinateur</p>""]}","[""b""]",2024-04-29
5945952,Maîtrise du piratage éthique et de l'intégration de l'IA,0,6340034,simple-quiz,Évaluez vos connaissances sur les bases de la cybersécurité,2024-04-27,Yes,80977226,multiple-choice,"{""question"":""<p>Identifiez quelle pratique n'est PAS une m\u00e9thode de protection de votre s\u00e9curit\u00e9 en ligne.</p>"",""relatedLectureIds"":"""",""feedbacks"":["""","""","""",""""],""answers"":[""<p>Utiliser des mots de passe forts et complexes</p>"",""<p>Cliquer sur des liens dans des courriels non sollicit\u00e9s</p>"",""<p>Mettre r\u00e9guli\u00e8rement \u00e0 jour les logiciels</p>"",""<p>Activer l'authentification \u00e0 deux facteurs</p>""]}","[""b""]",2024-04-29
5945952,Maîtrise du piratage éthique et de l'intégration de l'IA,0,6340034,simple-quiz,Évaluez vos connaissances sur les bases de la cybersécurité,2024-04-27,Yes,80977272,multiple-choice,"{""question"":""<p>Quelle action devrait \u00eatre \u00e9vit\u00e9e pour maintenir la cybers\u00e9curit\u00e9 ?</p>"",""relatedLectureIds"":"""",""feedbacks"":["""","""","""",""""],""answers"":[""<p>Changer r\u00e9guli\u00e8rement de mots de passe</p>"",""<p>T\u00e9l\u00e9charger des pi\u00e8ces jointes provenant d'exp\u00e9diteurs inconnus</p>"",""<p>Installer des mises \u00e0 jour de s\u00e9curit\u00e9</p>"",""<p>Utiliser un logiciel antivirus</p>""]}","[""b""]",2024-04-29
5945952,Maîtrise du piratage éthique et de l'intégration de l'IA,0,6340034,simple-quiz,Évaluez vos connaissances sur les bases de la cybersécurité,2024-04-27,Yes,80977266,multiple-choice,"{""question"":""<p>Quel est l'objectif principal de l'authentification \u00e0 deux facteurs (2FA) ?</p>"",""relatedLectureIds"":"""",""feedbacks"":["""","""","""",""""],""answers"":[""<p>Doubler la vitesse du r\u00e9seau</p>"",""<p>Ajouter une couche de s\u00e9curit\u00e9 suppl\u00e9mentaire en n\u00e9cessitant deux formes de v\u00e9rification</p>"",""<p>Sauvegarder automatiquement les donn\u00e9es</p>"",""<p>D\u00e9tecter et supprimer les logiciels espions</p>""]}","[""b""]",2024-04-29
5945952,Maîtrise du piratage éthique et de l'intégration de l'IA,0,6340034,simple-quiz,Évaluez vos connaissances sur les bases de la cybersécurité,2024-04-27,Yes,80977236,multiple-choice,"{""question"":""<p>Question de sc\u00e9nario : Si vous recevez un courriel qui semble provenir de votre banque demandant votre mot de passe de compte, que devriez-vous faire ?</p>"",""relatedLectureIds"":"""",""feedbacks"":["""","""","""","""",""""],""answers"":[""<p>R\u00e9pondre avec votre mot de passe</p>"",""<p>Ignorer le courriel</p>"",""<p>Signaler le courriel comme \u00e9tant du phishing</p>"",""<p>Appeler votre banque pour v\u00e9rifier si la demande est l\u00e9gitime</p>"",""<p>C et D</p>""]}","[""e""]",2024-04-29
5945952,Maîtrise du piratage éthique et de l'intégration de l'IA,0,6340034,simple-quiz,Évaluez vos connaissances sur les bases de la cybersécurité,2024-04-27,Yes,80977242,multiple-choice,"{""question"":""<p>Vrai ou Faux : Chiffrer les donn\u00e9es les rend illisibles pour les utilisateurs non autoris\u00e9s.</p>"",""relatedLectureIds"":"""",""feedbacks"":["""",""""],""answers"":[""<p>Vrai</p>"",""<p>Faux</p>""]}","[""a""]",2024-04-29
5945952,Maîtrise du piratage éthique et de l'intégration de l'IA,0,6340034,simple-quiz,Évaluez vos connaissances sur les bases de la cybersécurité,2024-04-27,Yes,80977262,multiple-choice,"{""question"":""<p>Lequel des suivants n'est PAS une caract\u00e9ristique d'un r\u00e9seau s\u00e9curis\u00e9 ?</p>"",""relatedLectureIds"":"""",""feedbacks"":["""","""","""",""""],""answers"":[""<p>Connexions Wi-Fi non s\u00e9curis\u00e9es</p>"",""<p>Transmission de donn\u00e9es chiffr\u00e9e</p>"",""<p>Utilisation de VPN</p>"",""<p>Audits de s\u00e9curit\u00e9 r\u00e9guliers</p>""]}","[""a""]",2024-04-29
5945952,Maîtrise du piratage éthique et de l'intégration de l'IA,0,6340030,simple-quiz,Quiz d'analyse de cas de piratage éthique,2024-04-27,Yes,80977160,multiple-choice,"{""question"":""<p>Une \u00e9tude de cas a r\u00e9v\u00e9l\u00e9 qu'un attaquant a acc\u00e9d\u00e9 aux donn\u00e9es confidentielles d'une entreprise via un r\u00e9seau Wi-Fi non s\u00e9curis\u00e9 dans un caf\u00e9 fr\u00e9quent\u00e9 par les employ\u00e9s de l'entreprise. Quelles mesures pr\u00e9ventives l'entreprise devrait-elle mettre en \u0153uvre ?</p>"",""relatedLectureIds"":"""",""feedbacks"":["""","""","""",""""],""answers"":[""<p>Interdire l'utilisation du Wi-Fi public pour les activit\u00e9s li\u00e9es au travail.</p>"",""<p>Exiger l'utilisation de VPN lors de l'acc\u00e8s aux donn\u00e9es de l'entreprise \u00e0 distance.</p>"",""<p>R\u00e9aliser des audits de s\u00e9curit\u00e9 al\u00e9atoires des appareils des employ\u00e9s.</p>"",""<p>Imposer l'utilisation de l'authentification \u00e0 deux facteurs pour acc\u00e9der aux donn\u00e9es sensibles.</p>""]}","[""b""]",2024-04-29
5945952,Maîtrise du piratage éthique et de l'intégration de l'IA,0,6340030,simple-quiz,Quiz d'analyse de cas de piratage éthique,2024-04-27,Yes,80977152,multiple-choice,"{""question"":""<p>Une entreprise a subi une violation de donn\u00e9es dans laquelle des donn\u00e9es clients sensibles ont \u00e9t\u00e9 divulgu\u00e9es. Apr\u00e8s enqu\u00eate, il a \u00e9t\u00e9 constat\u00e9 que la violation \u00e9tait due \u00e0 une menace interne. Quelle mesure de s\u00e9curit\u00e9 pourrait le mieux att\u00e9nuer ce risque \u00e0 l'avenir ?</p>"",""relatedLectureIds"":"""",""feedbacks"":["""","""","""",""""],""answers"":[""<p>Mise en \u0153uvre du chiffrement de bout en bout sur toutes les transmissions de donn\u00e9es.</p>"",""<p>Am\u00e9lioration de la surveillance des points d'acc\u00e8s physiques.</p>"",""<p>Application du principe du moindre privil\u00e8ge \u00e0 tous les acc\u00e8s syst\u00e8me.</p>"",""<p>Mise \u00e0 jour r\u00e9guli\u00e8re des logiciels anti-malware</p>""]}","[""c""]",2024-04-29
5945952,Maîtrise du piratage éthique et de l'intégration de l'IA,0,6340030,simple-quiz,Quiz d'analyse de cas de piratage éthique,2024-04-27,Yes,80977156,multiple-choice,"{""question"":""<p>Un pirate \u00e9thique a \u00e9t\u00e9 engag\u00e9 pour effectuer des tests de p\u00e9n\u00e9tration sur le r\u00e9seau d'une entreprise. Le pirate a r\u00e9ussi \u00e0 contourner le pare-feu r\u00e9seau en utilisant une faille connue \u00e0 laquelle le pare-feu \u00e9tait susceptible. Quelle devrait \u00eatre la prochaine \u00e9tape de l'entreprise pour aborder cette faille de s\u00e9curit\u00e9 ?</p>"",""relatedLectureIds"":"""",""feedbacks"":["""","""","""",""""],""answers"":[""<p>Remplacer le pare-feu par un mod\u00e8le plus r\u00e9cent.</p>"",""<p>Mettre \u00e0 jour le firmware du pare-feu \u00e0 la version la plus r\u00e9cente.</p>"",""<p>Isoler le pare-feu du reste du r\u00e9seau.</p>"",""<p>R\u00e9aliser un audit r\u00e9seau pour trouver des vuln\u00e9rabilit\u00e9s suppl\u00e9mentaires.</p>""]}","[""b""]",2024-04-29
5945952,Maîtrise du piratage éthique et de l'intégration de l'IA,0,6340030,simple-quiz,Quiz d'analyse de cas de piratage éthique,2024-04-27,Yes,80977162,multiple-choice,"{""question"":""<p>Une \u00e9quipe de piratage \u00e9thique a utilis\u00e9 une exploitation de jour z\u00e9ro dans un syst\u00e8me d'exploitation populaire pour obtenir un acc\u00e8s non autoris\u00e9 lors d'une attaque simul\u00e9e. Laquelle des actions suivantes serait une mesure corrective efficace \u00e0 long terme ?</p>"",""relatedLectureIds"":"""",""feedbacks"":["""","""","""",""""],""answers"":[""<p>Sauvegarde r\u00e9guli\u00e8re de toutes les donn\u00e9es critiques.</p>"",""<p>Rejoindre une plateforme de partage de renseignements sur les menaces.</p>"",""<p>Engager des tests de p\u00e9n\u00e9tration plus fr\u00e9quents.</p>"",""<p>Faire pression sur les fournisseurs de logiciels pour des mises \u00e0 jour plus rapides.</p>""]}","[""c""]",2024-04-29
5945952,Maîtrise du piratage éthique et de l'intégration de l'IA,0,6340030,simple-quiz,Quiz d'analyse de cas de piratage éthique,2024-04-27,Yes,80977120,multiple-choice,"{""question"":""<p>Vous analysez un cas o\u00f9 un pirate a obtenu un acc\u00e8s non autoris\u00e9 au serveur d'une entreprise en exploitant une vuln\u00e9rabilit\u00e9 d'injection SQL. Laquelle des actions suivantes aurait le plus probablement emp\u00each\u00e9 cette attaque ?</p>"",""relatedLectureIds"":"""",""feedbacks"":["""","""","""",""""],""answers"":[""<p>Mise \u00e0 jour r\u00e9guli\u00e8re des r\u00e8gles du pare-feu.</p>"",""<p>R\u00e9alisation d'une validation approfondie des entr\u00e9es pour toutes les entr\u00e9es utilisateur.</p>"",""<p>Mise en \u0153uvre de politiques de mots de passe plus strictes.</p>"",""<p>Chiffrement des donn\u00e9es sensibles stock\u00e9es sur le serveur.</p>""]}","[""b""]",2024-04-29
5945952,Maîtrise du piratage éthique et de l'intégration de l'IA,0,6340030,simple-quiz,Quiz d'analyse de cas de piratage éthique,2024-04-27,Yes,80977144,multiple-choice,"{""question"":""<p>Lors d'un audit de s\u00e9curit\u00e9, un scanner de vuln\u00e9rabilit\u00e9 trouve une vuln\u00e9rabilit\u00e9 non corrig\u00e9e dans le logiciel fonctionnant sur l'un des serveurs critiques de l'entreprise. Quelle est l'action la plus imm\u00e9diate \u00e0 prendre ?</p>"",""relatedLectureIds"":"""",""feedbacks"":["""","""","""",""""],""answers"":[""<p>D\u00e9connecter le serveur du r\u00e9seau.</p>"",""<p>Informer le fournisseur de logiciels.</p>"",""<p>Appliquer le correctif disponible.</p>"",""<p>Surveiller le trafic r\u00e9seau pour d\u00e9tecter toute activit\u00e9 inhabituelle.</p>""]}","[""c""]",2024-04-29
5945952,Maîtrise du piratage éthique et de l'intégration de l'IA,0,6340030,simple-quiz,Quiz d'analyse de cas de piratage éthique,2024-04-27,Yes,80977134,multiple-choice,"{""question"":""<p>Dans un sc\u00e9nario d'attaque de phishing, un attaquant envoie des emails frauduleux pr\u00e9tendant provenir d'une source r\u00e9put\u00e9e pour voler des informations sensibles. Quelle technique aurait pu \u00eatre utilis\u00e9e pour r\u00e9duire le risque que les employ\u00e9s soient victimes d'une telle attaque ?</p>"",""relatedLectureIds"":"""",""feedbacks"":["""","""","""",""""],""answers"":[""<p>R\u00e9alisation de formations r\u00e9guli\u00e8res sur la s\u00e9curit\u00e9.</p>"",""<p>Augmentation de la complexit\u00e9 des mots de passe r\u00e9seau.</p>"",""<p>Installation de logiciels antivirus sur tous les ordinateurs des employ\u00e9s.</p>"",""<p>Restriction de l'acc\u00e8s physique \u00e0 la salle des serveurs.</p>""]}","[""a""]",2024-04-29
6001160,Exploiter l'hypersensibilité,0,6387560,simple-quiz,Comprendre et Gérer l'Hypersensibilité,2024-05-31,Yes,83097058,multiple-choice,"{""question"":""<p>Laquelle des strat\u00e9gies suivantes est recommand\u00e9e pour g\u00e9rer l'hypersensibilit\u00e9 ?</p>"",""relatedLectureIds"":"""",""feedbacks"":["""","""","""",""""],""answers"":[""<p>\u00c9viter toute nouvelle exp\u00e9rience</p>"",""<p>S'engager dans la d\u00e9sensibilisation syst\u00e9matique</p>"",""<p>Se concentrer sur les r\u00e9sultats n\u00e9gatifs</p>"",""<p>Supprimer les r\u00e9ponses \u00e9motionnelles</p>""]}","[""b""]",2024-06-02
6001160,Exploiter l'hypersensibilité,0,6387560,simple-quiz,Comprendre et Gérer l'Hypersensibilité,2024-05-31,Yes,83096916,multiple-choice,"{""question"":""<p>Quel est le principal avantage de pratiquer la pleine conscience pour les personnes hypersensibles ?</p>"",""relatedLectureIds"":"""",""feedbacks"":["""","""","""",""""],""answers"":[""<p>Cela aide \u00e0 \u00e9viter compl\u00e8tement les situations stressantes</p>"",""<p>Cela am\u00e9liore la vitesse de traitement sensoriel</p>"",""<p>Cela favorise une meilleure r\u00e9ponse aux stimuli sensoriels gr\u00e2ce \u00e0 une conscience accrue</p>"",""<p>Cela \u00e9limine le besoin d'interactions sociales</p>""]}","[""c""]",2024-06-02
6001160,Exploiter l'hypersensibilité,0,6387560,simple-quiz,Comprendre et Gérer l'Hypersensibilité,2024-05-31,Yes,83097440,multiple-choice,"{""question"":""<p>Comment les individus hypersensibles peuvent-ils tirer parti de leur trait dans les environnements professionnels ?</p>"",""relatedLectureIds"":"""",""feedbacks"":["""","""","""",""""],""answers"":[""<p>En cachant compl\u00e8tement leur sensibilit\u00e9</p>"",""<p>En utilisant leur empathie accrue pour am\u00e9liorer la dynamique de l'\u00e9quipe</p>"",""<p>En \u00e9vitant le travail d'\u00e9quipe</p>"",""<p>Aucune des r\u00e9ponses ci-dessus</p>""]}","[""b""]",2024-06-02
6001160,Exploiter l'hypersensibilité,0,6387560,simple-quiz,Comprendre et Gérer l'Hypersensibilité,2024-05-31,Yes,83096744,multiple-choice,"{""question"":""<p>Quelle th\u00e9orie psychologique se concentre sur l'importance des exp\u00e9riences d'enfance et des motivations inconscientes ?</p>"",""relatedLectureIds"":"""",""feedbacks"":["""","""","""",""""],""answers"":[""<p>Th\u00e9orie Cognitivo-Comportementale</p>"",""<p>Th\u00e9orie Psychodynamique</p>"",""<p>B\u00e9haviorisme</p>"",""<p>Psychologie Positive</p>""]}","[""b""]",2024-06-02
6001160,Exploiter l'hypersensibilité,0,6387560,simple-quiz,Comprendre et Gérer l'Hypersensibilité,2024-05-31,Yes,83096736,multiple-choice,"{""question"":""<p>Qu'est-ce que l'hypersensibilit\u00e9 ?</p>"",""relatedLectureIds"":"""",""feedbacks"":["""","""","""",""""],""answers"":[""<p>Un trouble psychologique extr\u00eame marqu\u00e9 par la psychose</p>"",""<p>Une sensibilit\u00e9 accrue aux stimuli environnementaux, tels que les sons et les lumi\u00e8res</p>"",""<p>Un type de trait de personnalit\u00e9 caract\u00e9ris\u00e9 par l'extraversion</p>"",""<p>Aucune des r\u00e9ponses ci-dessus</p>""]}","[""b""]",2024-06-02
6001160,Exploiter l'hypersensibilité,0,6387560,simple-quiz,Comprendre et Gérer l'Hypersensibilité,2024-05-31,Yes,83097020,multiple-choice,"{""question"":""<p>Le B\u00e9haviorisme de B.F. Skinner met l'accent sur le r\u00f4le :</p>"",""relatedLectureIds"":"""",""feedbacks"":["""","""","""",""""],""answers"":[""<p>Des motivations inconscientes</p>"",""<p>Des processus de pens\u00e9e internes</p>"",""<p>Des effets environnementaux sur le comportement observable</p>"",""<p>Des pr\u00e9dispositions g\u00e9n\u00e9tiques</p>""]}","[""c""]",2024-06-02
6001160,Exploiter l'hypersensibilité,0,6387560,simple-quiz,Comprendre et Gérer l'Hypersensibilité,2024-05-31,Yes,83096944,multiple-choice,"{""question"":""<p>La Th\u00e9rapie Cognitivo-Comportementale (TCC) est particuli\u00e8rement utile pour les personnes hypersensibles car :</p>"",""relatedLectureIds"":"""",""feedbacks"":["""","""","""",""""],""answers"":[""<p>Elle d\u00e9courage toute forme d'expression \u00e9motionnelle</p>"",""<p>Elle se concentre uniquement sur les exp\u00e9riences d'enfance</p>"",""<p>Elle aide les individus \u00e0 reformuler les pens\u00e9es n\u00e9gatives sur leur sensibilit\u00e9</p>"",""<p>Elle utilise des m\u00e9dicaments pour traiter l'hypersensibilit\u00e9</p>""]}","[""c""]",2024-06-02
6001160,Exploiter l'hypersensibilité,0,6387560,simple-quiz,Comprendre et Gérer l'Hypersensibilité,2024-05-31,Yes,83096940,multiple-choice,"{""question"":""<p>Lequel des \u00e9l\u00e9ments suivants n'est PAS une composante de l'Intelligence \u00c9motionnelle ?</p>"",""relatedLectureIds"":"""",""feedbacks"":["""","""","""",""""],""answers"":[""<p>Conscience de soi</p>"",""<p>Gestion de soi</p>"",""<p>Reframing cognitif</p>"",""<p>Gestion des relations</p>""]}","[""c""]",2024-06-02
6001160,Exploiter l'hypersensibilité,0,6387560,simple-quiz,Comprendre et Gérer l'Hypersensibilité,2024-05-31,Yes,83097016,multiple-choice,"{""question"":""<p>Quelle strat\u00e9gie est efficace pour g\u00e9rer des \u00e9motions accablantes lors d'interactions sociales ?</p>"",""relatedLectureIds"":"""",""feedbacks"":["""","""","""",""""],""answers"":[""<p>\u00c9viter toutes les interactions sociales</p>"",""<p>Pratiquer des exercices de respiration profonde</p>"",""<p>Ignorer vos \u00e9motions</p>"",""<p>Augmenter les stimuli sensoriels</p>""]}","[""b""]",2024-06-02
6001160,Exploiter l'hypersensibilité,0,6387560,simple-quiz,Comprendre et Gérer l'Hypersensibilité,2024-05-31,Yes,83097018,multiple-choice,"{""question"":""<p>Que signifie SMART dans les objectifs SMART ?</p>"",""relatedLectureIds"":"""",""feedbacks"":["""","""","""",""""],""answers"":[""<p>Sp\u00e9cifique, Mesurable, Atteignable, Pertinent, Temporel</p>"",""<p>Simple, Mesurable, Attainable, Pertinent, Temporel</p>"",""<p>Sp\u00e9cifique, M\u00e9diocre, Arbitraire, Al\u00e9atoire, Temporel</p>"",""<p>Aucune des r\u00e9ponses ci-dessus</p>""]}","[""a""]",2024-06-02
6009740,Etik hacking ve yapay zeka entegrasyonunda ustalaşma,0,6393478,simple-quiz,Advanced Ethical Hacking Techniques,2024-06-06,Yes,83567986,multiple-choice,"{""question"":""<p>Bir sald\u0131rgan\u0131n, hedef sistemdeki t\u00fcm log dosyalar\u0131n\u0131 silmesi, hangi t\u00fcr bir sald\u0131r\u0131 sonras\u0131 takti\u011fe \u00f6rnektir?</p>"",""relatedLectureIds"":"""",""feedbacks"":["""","""","""",""""],""answers"":[""<p>Bilgi Toplama</p>"",""<p>Kal\u0131c\u0131l\u0131k Sa\u011flama</p>"",""<p>\u0130zleri Temizleme</p>"",""<p>Yana Hareket Etme</p>""]}","[""c""]",2024-06-10
6009740,Etik hacking ve yapay zeka entegrasyonunda ustalaşma,0,6393478,simple-quiz,Advanced Ethical Hacking Techniques,2024-06-06,Yes,83567684,multiple-choice,"{""question"":""<p>Bir sistemde ba\u015far\u0131l\u0131 bir \u015fekilde istismar ger\u00e7ekle\u015ftirdikten sonra, a\u015fa\u011f\u0131daki hangi ara\u00e7, hedef sistem \u00fczerinde kal\u0131c\u0131l\u0131k sa\u011flamak i\u00e7in kullan\u0131labilir?</p>"",""relatedLectureIds"":"""",""feedbacks"":["""","""","""",""""],""answers"":[""<p>Nmap</p>"",""<p>Metasploit</p>"",""<p>Wireshark</p>"",""<p>Aircrack-ng</p>""]}","[""b""]",2024-06-10
6009740,Etik hacking ve yapay zeka entegrasyonunda ustalaşma,0,6393478,simple-quiz,Advanced Ethical Hacking Techniques,2024-06-06,Yes,83567692,multiple-choice,"{""question"":""<p>Bir sald\u0131rgan\u0131n, bir sistemdeki i\u015flemleri gizlemek i\u00e7in kulland\u0131\u011f\u0131 y\u00f6ntemlerden biri olan 'Rootkit' kullan\u0131m\u0131, hangi a\u015famada ger\u00e7ekle\u015ftirilir?</p>"",""relatedLectureIds"":"""",""feedbacks"":["""","""","""",""""],""answers"":[""<p>Bilgi Toplama</p>"",""<p>Eri\u015fim Kazanma</p>"",""<p>\u0130stismar Sonras\u0131</p>"",""<p>Raporlama</p>""]}","[""c""]",2024-06-10
6009740,Etik hacking ve yapay zeka entegrasyonunda ustalaşma,0,6393478,simple-quiz,Advanced Ethical Hacking Techniques,2024-06-06,Yes,83567706,multiple-choice,"{""question"":""<p>Bir sald\u0131rgan\u0131n, hedef sistemde y\u00f6netici ayr\u0131cal\u0131klar\u0131n\u0131 elde etme s\u00fcreci hangi ad\u0131mla adland\u0131r\u0131l\u0131r?</p>"",""relatedLectureIds"":"""",""feedbacks"":["""","""","""",""""],""answers"":[""<p>Ayak \u0130zleme</p>"",""<p>Kimlik Bilgilerini Toplama</p>"",""<p>Yana Hareket Etme</p>"",""<p>Ayr\u0131cal\u0131k Y\u00fckseltme</p>""]}","[""d""]",2024-06-10
6009740,Etik hacking ve yapay zeka entegrasyonunda ustalaşma,0,6393478,simple-quiz,Advanced Ethical Hacking Techniques,2024-06-06,Yes,83567978,multiple-choice,"{""question"":""<p>Bir g\u00fcvenlik uzman\u0131, sistem \u00fczerinde tespit edilemeyen k\u00f6t\u00fc ama\u00e7l\u0131 yaz\u0131l\u0131mlar\u0131 bulmak i\u00e7in hangi y\u00f6ntemi kullanmal\u0131d\u0131r?</p>"",""relatedLectureIds"":"""",""feedbacks"":["""","""","""",""""],""answers"":[""<p>Statik Analiz</p>"",""<p>Dinamik Analiz</p>"",""<p>Kod \u0130nceleme</p>"",""<p>Dosya B\u00fct\u00fcnl\u00fc\u011f\u00fc Kontrol\u00fc</p>""]}","[""b""]",2024-06-10
6009740,Etik hacking ve yapay zeka entegrasyonunda ustalaşma,0,6393478,simple-quiz,Advanced Ethical Hacking Techniques,2024-06-06,Yes,83567968,multiple-choice,"{""question"":""<p>Bir sald\u0131rgan\u0131n izini kaybettirmek i\u00e7in en etkili y\u00f6ntemlerden biri olan 'T\u00fcnelleme' a\u015fa\u011f\u0131daki hangi durumlarda kullan\u0131l\u0131r?</p>"",""relatedLectureIds"":"""",""feedbacks"":["""","""","""",""""],""answers"":[""<p>Bilgi Toplama</p>"",""<p>Eri\u015fim Kazanma</p>"",""<p>\u0130stismar Sonras\u0131</p>"",""<p>Raporlama</p>""]}","[""c""]",2024-06-10
6009740,Etik hacking ve yapay zeka entegrasyonunda ustalaşma,0,6393478,simple-quiz,Advanced Ethical Hacking Techniques,2024-06-06,Yes,83567714,multiple-choice,"{""question"":""<p>Bir sistemde kal\u0131c\u0131l\u0131k sa\u011flamak ve iz b\u0131rakmamak i\u00e7in kullan\u0131lan y\u00f6ntemlerden biri olan 'Steganografi', hangi a\u015famada kullan\u0131l\u0131r?</p>"",""relatedLectureIds"":"""",""feedbacks"":["""","""","""",""""],""answers"":[""<p>Bilgi Toplama</p>"",""<p>Eri\u015fim Kazanma</p>"",""<p>\u0130stismar Sonras\u0131</p>"",""<p>Raporlama</p>""]}","[""c""]",2024-06-10
6009740,Etik hacking ve yapay zeka entegrasyonunda ustalaşma,0,6393478,simple-quiz,Advanced Ethical Hacking Techniques,2024-06-06,Yes,83567722,multiple-choice,"{""question"":""<p>Bir g\u00fcvenlik uzman\u0131, bir sistemdeki zafiyetleri belirlemek i\u00e7in hangi arac\u0131 kullanmal\u0131d\u0131r?</p>"",""relatedLectureIds"":"""",""feedbacks"":["""","""","""",""""],""answers"":[""<p>Wireshark</p>"",""<p>Burp Suite</p>"",""<p>John the Ripper</p>"",""<p>Nessus</p>""]}","[""d""]",2024-06-10
6009740,Etik hacking ve yapay zeka entegrasyonunda ustalaşma,0,6393478,simple-quiz,Advanced Ethical Hacking Techniques,2024-06-06,Yes,83567960,multiple-choice,"{""question"":""<p>A\u015fa\u011f\u0131daki senaryoyu okuyun ve soruyu cevaplay\u0131n:</p><p>Bir sald\u0131rgan, hedef sisteme s\u0131zarak sistem y\u00f6neticisinin e-posta hesab\u0131na eri\u015fim sa\u011flad\u0131. Sald\u0131rgan, hedef sistemin t\u00fcm trafi\u011fini izleyip y\u00f6neticinin kimlik bilgilerini toplad\u0131. Hedef sistemde kal\u0131c\u0131l\u0131\u011f\u0131 sa\u011flamak i\u00e7in sald\u0131rgan\u0131n kullanabilece\u011fi en uygun y\u00f6ntem nedir?</p><p><br></p>"",""relatedLectureIds"":"""",""feedbacks"":["""","""","""",""""],""answers"":[""<p>Bir Rootkit kurmak</p>"",""<p>A\u011f trafi\u011fini \u015fifrelemek</p>"",""<p>Dosya \u015fifrelemek</p>"",""<p>Parola s\u0131f\u0131rlamak</p>""]}","[""a""]",2024-06-10
6009740,Etik hacking ve yapay zeka entegrasyonunda ustalaşma,0,6393478,simple-quiz,Advanced Ethical Hacking Techniques,2024-06-06,Yes,83567698,multiple-choice,"{""question"":""<p>A\u015fa\u011f\u0131daki ifadelerden hangisi do\u011frudur?</p>"",""relatedLectureIds"":"""",""feedbacks"":["""","""","""",""""],""answers"":[""<p>G\u00fcvenli bir \u015fifreleme algoritmas\u0131, anahtar uzunlu\u011fundan ba\u011f\u0131ms\u0131z olarak her zaman k\u0131r\u0131labilir.</p>"",""<p>Antivir\u00fcs yaz\u0131l\u0131mlar\u0131, t\u00fcm k\u00f6t\u00fc ama\u00e7l\u0131 yaz\u0131l\u0131mlar\u0131 alg\u0131layabilir ve engelleyebilir.</p>"",""<p>A\u011f trafi\u011fini \u015fifrelemek, sald\u0131rganlar\u0131n veri iletimini izlemesini zorla\u015ft\u0131r\u0131r.</p>"",""<p>G\u00fc\u00e7l\u00fc bir g\u00fcvenlik duvar\u0131, sosyal m\u00fchendislik sald\u0131r\u0131lar\u0131na kar\u015f\u0131 etkili bir koruma sa\u011flar.</p>""]}","[""c""]",2024-06-10
6009740,Etik hacking ve yapay zeka entegrasyonunda ustalaşma,0,6393468,simple-quiz,Ethical Hacking Fundamentals Quiz,2024-06-06,Yes,83567656,multiple-choice,"{""question"":""<p>Firewall, a\u011f trafi\u011fini izlemek ve y\u00f6netmek i\u00e7in kullan\u0131lan bir g\u00fcvenlik duvar\u0131d\u0131r.</p>"",""relatedLectureIds"":"""",""feedbacks"":["""",""""],""answers"":[""<p>Do\u011fru</p>"",""<p>Yanl\u0131\u015f</p>""]}","[""a""]",2024-06-10
6009740,Etik hacking ve yapay zeka entegrasyonunda ustalaşma,0,6393468,simple-quiz,Ethical Hacking Fundamentals Quiz,2024-06-06,Yes,83567508,multiple-choice,"{""question"":""<p>XSS (Cross-Site Scripting) sald\u0131r\u0131lar\u0131 genellikle hangi t\u00fcr a\u00e7\u0131klardan faydalan\u0131r?</p>"",""relatedLectureIds"":"""",""feedbacks"":["""","""","""",""""],""answers"":[""<p>A\u011f donan\u0131m\u0131 a\u00e7\u0131klar\u0131</p>"",""<p>Yaz\u0131l\u0131m g\u00fcncellemeleri</p>"",""<p>Web uygulamalar\u0131</p>"",""<p>Antivir\u00fcs yaz\u0131l\u0131m\u0131</p>""]}","[""c""]",2024-06-10
6009740,Etik hacking ve yapay zeka entegrasyonunda ustalaşma,0,6393468,simple-quiz,Ethical Hacking Fundamentals Quiz,2024-06-06,Yes,83567486,multiple-choice,"{""question"":""<p>Bir a\u011f\u0131n zafiyetlerini belirlemek i\u00e7in hangi ara\u00e7 kullan\u0131l\u0131r?</p>"",""relatedLectureIds"":"""",""feedbacks"":["""","""","""",""""],""answers"":[""<p>Microsoft Word</p>"",""<p>Nmap</p>"",""<p>Photoshop</p>"",""<p>VLC Player</p>""]}","[""b""]",2024-06-10
6009740,Etik hacking ve yapay zeka entegrasyonunda ustalaşma,0,6393468,simple-quiz,Ethical Hacking Fundamentals Quiz,2024-06-06,Yes,83567646,multiple-choice,"{""question"":""<p>Etik hackerlar\u0131n \u00e7al\u0131\u015fmalar\u0131 yasalara uygun olmal\u0131d\u0131r.</p>"",""relatedLectureIds"":"""",""feedbacks"":["""",""""],""answers"":[""<p>Do\u011fru</p>"",""<p>Yanl\u0131\u015f</p>""]}","[""a""]",2024-06-10
6009740,Etik hacking ve yapay zeka entegrasyonunda ustalaşma,0,6393468,simple-quiz,Ethical Hacking Fundamentals Quiz,2024-06-06,Yes,83567490,multiple-choice,"{""question"":""<p>SQL enjeksiyonu nedir?</p>"",""relatedLectureIds"":"""",""feedbacks"":["""","""","""",""""],""answers"":[""<p>Veritaban\u0131na izinsiz giri\u015f yapma y\u00f6ntemi</p>"",""<p>E-posta g\u00f6nderme protokol\u00fc</p>"",""<p>Bilgisayar\u0131n donan\u0131m\u0131n\u0131 de\u011fi\u015ftirme i\u015flemi</p>"",""<p>Yaz\u0131l\u0131m g\u00fcncelleme y\u00f6ntemi</p>""]}","[""a""]",2024-06-10
6009740,Etik hacking ve yapay zeka entegrasyonunda ustalaşma,0,6393468,simple-quiz,Ethical Hacking Fundamentals Quiz,2024-06-06,Yes,83567500,multiple-choice,"{""question"":""<p>Wireshark nedir?</p>"",""relatedLectureIds"":"""",""feedbacks"":["""","""","""",""""],""answers"":[""<p>Bir grafik tasar\u0131m program\u0131</p>"",""<p>A\u011f trafi\u011fini analiz etmek i\u00e7in kullan\u0131lan bir ara\u00e7</p>"",""<p>Bir video d\u00fczenleme yaz\u0131l\u0131m\u0131</p>"",""<p>Bir web taray\u0131c\u0131s\u0131</p>""]}","[""b""]",2024-06-10
6009740,Etik hacking ve yapay zeka entegrasyonunda ustalaşma,0,6393468,simple-quiz,Ethical Hacking Fundamentals Quiz,2024-06-06,Yes,83567524,multiple-choice,"{""question"":""<p>G\u00fc\u00e7l\u00fc \u015fifreler kullanmak, brute force sald\u0131r\u0131lar\u0131n\u0131 \u00f6nlemek i\u00e7in etkili bir y\u00f6ntemdir.</p>"",""relatedLectureIds"":"""",""feedbacks"":["""",""""],""answers"":[""<p>Do\u011fru</p>"",""<p>Yanl\u0131\u015f</p>""]}","[""a""]",2024-06-10
6009740,Etik hacking ve yapay zeka entegrasyonunda ustalaşma,0,6393468,simple-quiz,Ethical Hacking Fundamentals Quiz,2024-06-06,Yes,83567476,multiple-choice,"{""question"":""<p>Etik hackingin temel amac\u0131 nedir?</p>"",""relatedLectureIds"":"""",""feedbacks"":["""","""","""",""""],""answers"":[""<p>Ki\u015fisel bilgi toplamak</p>"",""<p>Bilgisayar oyunlar\u0131n\u0131 hacklemek</p>"",""<p>Sistemlerin g\u00fcvenli\u011fini de\u011ferlendirmek ve geli\u015ftirmek</p>"",""<p>Vir\u00fcs yaz\u0131l\u0131m\u0131 geli\u015ftirmek</p>""]}","[""c""]",2024-06-10
6009740,Etik hacking ve yapay zeka entegrasyonunda ustalaşma,0,6393468,simple-quiz,Ethical Hacking Fundamentals Quiz,2024-06-06,Yes,83567520,multiple-choice,"{""question"":""<p>Etik hackerlar, sadece izinsiz giri\u015f yapmak ve bilgi \u00e7almak i\u00e7in \u00e7al\u0131\u015f\u0131rlar.</p>"",""relatedLectureIds"":"""",""feedbacks"":["""",""""],""answers"":[""<p>Do\u011fru</p>"",""<p>Yanl\u0131\u015f</p>""]}","[""b""]",2024-06-10
6009740,Etik hacking ve yapay zeka entegrasyonunda ustalaşma,0,6393468,simple-quiz,Ethical Hacking Fundamentals Quiz,2024-06-06,Yes,83567642,multiple-choice,"{""question"":""<p>Penetrasyon testi, sistemlerin g\u00fcvenlik a\u00e7\u0131klar\u0131n\u0131 belirlemek i\u00e7in yap\u0131lan kontroll\u00fc sald\u0131r\u0131lard\u0131r.</p>"",""relatedLectureIds"":"""",""feedbacks"":["""",""""],""answers"":[""<p>Do\u011fru</p>"",""<p>Yanl\u0131\u015f</p>""]}","[""a""]",2024-06-10
6033612,Dominar la Integración de Hacking Ético y IA,0,6413190,simple-quiz,Advanced Ethical Hacking Techniques,2024-06-20,Yes,85400793,multiple-choice,"{""question"":""<p>\u00bfCu\u00e1l de las siguientes es una herramienta utilizada para el craqueo avanzado de contrase\u00f1as?</p>"",""relatedLectureIds"":"""",""feedbacks"":["""","""","""",""""],""answers"":[""<p>John the Ripper</p>"",""<p>Wireshark</p>"",""<p>Nessus</p>"",""<p>Metasploit</p>""]}","[""a""]",2024-07-08
6033612,Dominar la Integración de Hacking Ético y IA,0,6413190,simple-quiz,Advanced Ethical Hacking Techniques,2024-06-20,Yes,85400889,multiple-choice,"{""question"":""<p>\u00bfCu\u00e1l es el prop\u00f3sito de usar un entorno sandbox en el contexto del hacking \u00e9tico?</p>"",""relatedLectureIds"":"""",""feedbacks"":["""","""","""",""""],""answers"":[""<p>Probar aplicaciones en producci\u00f3n</p>"",""<p>Ejecutar y analizar software malicioso de manera segura</p>"",""<p>Realizar ataques DDoS</p>"",""<p>Desarrollar nuevas herramientas de hacking</p>""]}","[""b""]",2024-07-08
6033612,Dominar la Integración de Hacking Ético y IA,0,6413190,simple-quiz,Advanced Ethical Hacking Techniques,2024-06-20,Yes,85400835,multiple-choice,"{""question"":""<p>Pregunta de escenario: Est\u00e1s realizando una prueba de penetraci\u00f3n y necesitas mantener acceso a un sistema comprometido. \u00bfCu\u00e1l de las siguientes herramientas o t\u00e9cnicas usar\u00edas?</p>"",""relatedLectureIds"":"""",""feedbacks"":["""","""","""",""""],""answers"":[""<p>SQLmap</p>"",""<p>Nmap</p>"",""<p>Meterpreter</p>"",""<p>Burp Suite</p>""]}","[""c""]",2024-07-08
6033612,Dominar la Integración de Hacking Ético y IA,0,6413190,simple-quiz,Advanced Ethical Hacking Techniques,2024-06-20,Yes,85400865,multiple-choice,"{""question"":""<p>\u00bfCu\u00e1l de las siguientes NO es una actividad com\u00fan de post-explotaci\u00f3n?</p>"",""relatedLectureIds"":"""",""feedbacks"":["""","""","""",""""],""answers"":[""<p>Escalar privilegios</p>"",""<p>Exfiltrar datos</p>"",""<p>Crear puertas traseras</p>"",""<p>Realizar un escaneo de puertos</p>""]}","[""d""]",2024-07-08
6033612,Dominar la Integración de Hacking Ético y IA,0,6413190,simple-quiz,Advanced Ethical Hacking Techniques,2024-06-20,Yes,85400843,multiple-choice,"{""question"":""<p>Verdadero o Falso: El objetivo principal de un rootkit es obtener acceso no autorizado a un ordenador y ocultar su presencia a los usuarios y herramientas de seguridad.</p>"",""relatedLectureIds"":"""",""feedbacks"":["""",""""],""answers"":[""<p>Verdadero</p>"",""<p>Falso</p>""]}","[""a""]",2024-07-08
6033612,Dominar la Integración de Hacking Ético y IA,0,6413190,simple-quiz,Advanced Ethical Hacking Techniques,2024-06-20,Yes,85400807,multiple-choice,"{""question"":""<p>Verdadero o Falso: La inyecci\u00f3n SQL es una t\u00e9cnica que puede ser utilizada para ejecutar c\u00f3digo SQL arbitrario en un servidor de base de datos.</p>"",""relatedLectureIds"":"""",""feedbacks"":["""",""""],""answers"":[""<p>Verdadero</p>"",""<p>Falso</p>""]}","[""a""]",2024-07-08
6033612,Dominar la Integración de Hacking Ético y IA,0,6413190,simple-quiz,Advanced Ethical Hacking Techniques,2024-06-20,Yes,85400823,multiple-choice,"{""question"":""<p>\u00bfQu\u00e9 hace un exploit de 'buffer overflow'?</p>"",""relatedLectureIds"":"""",""feedbacks"":["""","""","""",""""],""answers"":[""<p>Desactiva la red de la v\u00edctima</p>"",""<p>Sobreescribe la memoria del programa para ejecutar c\u00f3digo malicioso</p>"",""<p>Cifra todos los datos en el disco duro</p>"",""<p>Intercepta las comunicaciones de red</p>""]}","[""b""]",2024-07-08
6033612,Dominar la Integración de Hacking Ético y IA,0,6413184,simple-quiz,Assess Your Knowledge on Cybersecurity Basics,2024-06-20,Yes,85400637,multiple-choice,"{""question"":""<p>\u00bfPara qu\u00e9 se utiliza un firewall en una red?</p>"",""relatedLectureIds"":"""",""feedbacks"":["""","""","""",""""],""answers"":[""<p>Para aumentar la velocidad de la red</p>"",""<p>Para monitorear y controlar el tr\u00e1fico entrante y saliente basado en reglas de seguridad</p>"",""<p>Para almacenar datos</p>"",""<p>Para eliminar virus</p>""]}","[""b""]",2024-07-08
6033612,Dominar la Integración de Hacking Ético y IA,0,6413184,simple-quiz,Assess Your Knowledge on Cybersecurity Basics,2024-06-20,Yes,85400631,multiple-choice,"{""question"":""<p>Verdadero o Falso: El software antivirus es suficiente para garantizar tu completa seguridad en l\u00ednea.</p>"",""relatedLectureIds"":"""",""feedbacks"":["""",""""],""answers"":[""<p>Falso</p>"",""<p>Verdadero</p>""]}","[""a""]",2024-07-08
6033612,Dominar la Integración de Hacking Ético y IA,0,6413184,simple-quiz,Assess Your Knowledge on Cybersecurity Basics,2024-06-20,Yes,85400627,multiple-choice,"{""question"":""<p>\u00bfA qu\u00e9 se refiere el t\u00e9rmino 'phishing' en ciberseguridad?</p>"",""relatedLectureIds"":"""",""feedbacks"":["""","""","""",""""],""answers"":[""<p>Ataques que involucran fuerza bruta</p>"",""<p>Infecci\u00f3n de un sistema con virus</p>"",""<p>Intentos de obtener informaci\u00f3n confidencial haci\u00e9ndose pasar por una entidad de confianza</p>"",""<p>Escaneo de puertos en una red</p>""]}","[""c""]",2024-07-08
6033612,Dominar la Integración de Hacking Ético y IA,0,6413184,simple-quiz,Assess Your Knowledge on Cybersecurity Basics,2024-06-20,Yes,85400643,multiple-choice,"{""question"":""<p>Identifica cu\u00e1l pr\u00e1ctica NO es un m\u00e9todo para proteger tu seguridad en l\u00ednea.</p>"",""relatedLectureIds"":"""",""feedbacks"":["""","""","""",""""],""answers"":[""<p>Utilizar contrase\u00f1as fuertes y \u00fanicas</p>"",""<p>Compartir contrase\u00f1as con amigos y familiares</p>"",""<p>Mantener el software actualizado</p>"",""<p>Utilizar autenticaci\u00f3n de dos factores</p>""]}","[""b""]",2024-07-08
6033612,Dominar la Integración de Hacking Ético y IA,0,6413182,simple-quiz,Ethical Hacking Fundamentals Quiz,2024-06-20,Yes,85400603,multiple-choice,"{""question"":""<p>\u00bfC\u00f3mo ha impactado tu viaje en el dominio del Hacking \u00c9tico en tu comprensi\u00f3n de la ciberseguridad?</p>"",""relatedLectureIds"":"""",""feedbacks"":["""","""","""",""""],""answers"":[""<p>No ha tenido ning\u00fan impacto significativo</p>"",""<p>Ha reducido mi inter\u00e9s en la ciberseguridad</p>"",""<p>Ha mejorado mi comprensi\u00f3n de c\u00f3mo proteger sistemas y datos</p>"",""<p>Ha aumentado mi deseo de cometer actividades ilegales</p>""]}","[""c""]",2024-07-08
6033612,Dominar la Integración de Hacking Ético y IA,0,6413182,simple-quiz,Ethical Hacking Fundamentals Quiz,2024-06-20,Yes,85400597,multiple-choice,"{""question"":""<p>\u00bfCu\u00e1l es la importancia de navegar consideraciones legales y \u00e9ticas en el Hacking \u00c9tico?</p>"",""relatedLectureIds"":"""",""feedbacks"":["""","""","""",""""],""answers"":[""<p>Evitar problemas legales y garantizar que las actividades de hacking sean aceptables</p>"",""<p>Facilitar el acceso no autorizado a sistemas protegidos</p>"",""<p>Obtener datos sensibles para uso personal</p>"",""<p>Incrementar el conocimiento t\u00e9cnico sin restricciones</p>""]}","[""a""]",2024-07-08
6033612,Dominar la Integración de Hacking Ético y IA,0,6413182,simple-quiz,Ethical Hacking Fundamentals Quiz,2024-06-20,Yes,85400591,multiple-choice,"{""question"":""<p>\u00bfCu\u00e1l es el prop\u00f3sito principal del Hacking \u00c9tico?</p>"",""relatedLectureIds"":"""",""feedbacks"":["""","""","""",""""],""answers"":[""<p>Robar informaci\u00f3n de sistemas vulnerables</p>"",""<p>Identificar y corregir vulnerabilidades de seguridad</p>"",""<p>Destruir sistemas y datos</p>"",""<p>Hackear cuentas personales</p>""]}","[""b""]",2024-07-08
6033612,Dominar la Integración de Hacking Ético y IA,0,6413182,simple-quiz,Ethical Hacking Fundamentals Quiz,2024-06-20,Yes,85400605,multiple-choice,"{""question"":""<p>\u00bfPor qu\u00e9 es significativo el Hacking \u00c9tico en la Era Digital?</p>"",""relatedLectureIds"":"""",""feedbacks"":["""","""","""",""""],""answers"":[""<p>Porque permite a los hackers causar m\u00e1s da\u00f1o</p>"",""<p>Porque no tiene ning\u00fan impacto en la seguridad</p>"",""<p>Porque ayuda a proteger la infraestructura digital y los datos contra amenazas cibern\u00e9ticas</p>"",""<p>Porque facilita el espionaje corporativo</p>""]}","[""c""]",2024-07-08
6064519,Menguasai Peretasan Etis dan Integrasi AI,0,6441285,simple-quiz,Advanced Ethical Hacking Techniques,2024-07-08,Yes,85471889,multiple-choice,"{""question"":""<p><strong>Apa tujuan menggunakan lingkungan sandbox dalam konteks peretasan etis?</strong></p>"",""relatedLectureIds"":"""",""feedbacks"":["""","""","""",""""],""answers"":[""<p>a) Untuk mempercepat kinerja jaringan</p>"",""<p>b) Untuk memantau aktivitas pengguna</p>"",""<p>c) Untuk menjalankan dan menguji perangkat lunak atau kode dalam lingkungan terisolasi tanpa risiko terhadap sistem utama</p>"",""<p>d) Untuk menyimpan data pengguna</p><p><br></p>""]}","[""c""]",2024-07-09
6064519,Menguasai Peretasan Etis dan Integrasi AI,0,6441285,simple-quiz,Advanced Ethical Hacking Techniques,2024-07-08,Yes,85472519,multiple-choice,"{""question"":""<p><strong>Apa itu 'pharming' dalam konteks keamanan siber?</strong></p>"",""relatedLectureIds"":"""",""feedbacks"":["""","""","""",""""],""answers"":[""<p>a) Mengirim email palsu untuk mencuri informasi</p>"",""<p>b) Mengarahkan pengguna ke situs web palsu untuk mencuri informasi pribadi</p><p><br></p>"",""<p>c) Memindai jaringan untuk mencari kerentanan</p>"",""<p>d) Menyandikan data pengguna untuk menuntut tebusan</p>""]}","[""b""]",2024-07-09
6064519,Menguasai Peretasan Etis dan Integrasi AI,0,6441285,simple-quiz,Advanced Ethical Hacking Techniques,2024-07-08,Yes,85471709,multiple-choice,"{""question"":""<p><strong>Pertanyaan Skenario: Anda sedang melakukan uji penetrasi dan perlu mempertahankan akses ke sistem yang telah dikompromikan. Alat atau teknik mana yang akan Anda gunakan?</strong></p>"",""relatedLectureIds"":"""",""feedbacks"":["""","""","""",""""],""answers"":[""<p>a) Wireshark</p>"",""<p>b) Nikto</p>"",""<p>c) Metasploit</p>"",""<p>d) Nessus</p><p><br></p>""]}","[""c""]",2024-07-09
6064519,Menguasai Peretasan Etis dan Integrasi AI,0,6441285,simple-quiz,Advanced Ethical Hacking Techniques,2024-07-08,Yes,85471717,multiple-choice,"{""question"":""<p><strong>Benar atau Salah: Tujuan utama dari rootkit adalah untuk mendapatkan akses tidak sah ke komputer dan menyembunyikan keberadaannya dari pengguna dan alat keamanan.</strong></p>"",""relatedLectureIds"":"""",""feedbacks"":["""",""""],""answers"":[""<p>a) Salah</p>"",""<p>b) Benar</p><p><br></p>""]}","[""b""]",2024-07-09
6064519,Menguasai Peretasan Etis dan Integrasi AI,0,6441285,simple-quiz,Advanced Ethical Hacking Techniques,2024-07-08,Yes,85471697,multiple-choice,"{""question"":""<p><strong>Apa yang dilakukan oleh exploit 'buffer overflow'?</strong></p>"",""relatedLectureIds"":"""",""feedbacks"":["""","""","""",""""],""answers"":[""<p>a) Memperbaiki kerentanan perangkat lunak</p>"",""<p>b) Memasukkan data yang melebihi batas buffer dan memungkinkan eksekusi kode berbahaya</p>"",""<p>c) Mengenkripsi data</p>"",""<p>d) Meningkatkan kecepatan jaringan</p><p><br></p>""]}","[""b""]",2024-07-09
6064519,Menguasai Peretasan Etis dan Integrasi AI,0,6441285,simple-quiz,Advanced Ethical Hacking Techniques,2024-07-08,Yes,85472505,multiple-choice,"{""question"":""<p><strong>Dari berikut ini, mana yang merupakan contoh dari serangan DoS (Denial of Service)?</strong></p>"",""relatedLectureIds"":"""",""feedbacks"":["""","""","""",""""],""answers"":[""<p>a) Pencurian identitas</p>"",""<p>b) Membanjiri server dengan lalu lintas berlebih untuk membuatnya tidak dapat diakses</p>"",""<p>c) Mengirim email spam</p>"",""<p>d) Menyusup ke jaringan perusahaan</p><p><br></p>""]}","[""b""]",2024-07-09
6064519,Menguasai Peretasan Etis dan Integrasi AI,0,6441285,simple-quiz,Advanced Ethical Hacking Techniques,2024-07-08,Yes,85471683,multiple-choice,"{""question"":""<p><strong>Dari berikut ini, alat mana yang digunakan untuk cracking kata sandi tingkat lanjut?</strong></p>"",""relatedLectureIds"":"""",""feedbacks"":["""","""","""",""""],""answers"":[""<p>a) Wireshark</p>"",""<p>b) Nmap</p>"",""<p>c) Metasploit</p>"",""<p>d) John the Ripper</p><p><br></p>""]}","[""d""]",2024-07-09
6064519,Menguasai Peretasan Etis dan Integrasi AI,0,6441285,simple-quiz,Advanced Ethical Hacking Techniques,2024-07-08,Yes,85471687,multiple-choice,"{""question"":""<p><strong>Benar atau Salah: SQL injection adalah teknik yang dapat digunakan untuk mengeksekusi kode SQL arbitrer pada server database.</strong></p>"",""relatedLectureIds"":"""",""feedbacks"":["""",""""],""answers"":[""<p>a) Salah</p>"",""<p>b) Benar</p><p><br></p>""]}","[""b""]",2024-07-09
6064519,Menguasai Peretasan Etis dan Integrasi AI,0,6441285,simple-quiz,Advanced Ethical Hacking Techniques,2024-07-08,Yes,85471729,multiple-choice,"{""question"":""<p><strong>Mana dari berikut ini yang BUKAN merupakan aktivitas pasca-eksploitasi yang umum?</strong></p>"",""relatedLectureIds"":"""",""feedbacks"":["""","""","""",""""],""answers"":[""<p>a) Mengumpulkan informasi sensitif</p>"",""<p>b) Menginstal perangkat lunak antivirus</p>"",""<p>c) Meningkatkan hak akses</p>"",""<p>d) Menyembunyikan jejak aktivitas</p><p><br></p>""]}","[""b""]",2024-07-09
6064519,Menguasai Peretasan Etis dan Integrasi AI,0,6441285,simple-quiz,Advanced Ethical Hacking Techniques,2024-07-08,Yes,85472153,multiple-choice,"{""question"":""<p><strong>Apa itu teknik 'social engineering' dalam keamanan siber?</strong></p>"",""relatedLectureIds"":"""",""feedbacks"":["""","""","""",""""],""answers"":[""<p>a) Menggunakan perangkat lunak untuk memonitor jaringan</p>"",""<p>b) Mengenkripsi data untuk melindunginya</p>"",""<p>c) Memanipulasi individu untuk mendapatkan informasi atau akses tidak sah</p>"",""<p>d) Mengirimkan virus melalui email</p><p><br></p>""]}","[""c""]",2024-07-09
6064519,Menguasai Peretasan Etis dan Integrasi AI,0,6441283,simple-quiz,Assess Your Knowledge on Cybersecurity Basics,2024-07-08,Yes,85470949,multiple-choice,"{""question"":""<p><strong>Benar atau Salah: Perangkat lunak antivirus sudah cukup untuk menjamin keamanan Anda secara online.</strong></p>"",""relatedLectureIds"":"""",""feedbacks"":["""",""""],""answers"":[""<p>a) Salah</p>"",""<p>b) Benar</p><p><br></p>""]}","[""a""]",2024-07-09
6064519,Menguasai Peretasan Etis dan Integrasi AI,0,6441283,simple-quiz,Assess Your Knowledge on Cybersecurity Basics,2024-07-08,Yes,85471325,multiple-choice,"{""question"":""<p><strong>Apa itu enkripsi dalam konteks keamanan siber?</strong></p>"",""relatedLectureIds"":"""",""feedbacks"":["""","""","""",""""],""answers"":[""<p>a) Proses menghapus data dari perangkat</p>"",""<p>b) Proses mengubah data menjadi format yang tidak dapat dibaca tanpa kunci dekripsi</p>"",""<p>c) Proses membuat cadangan data</p>"",""<p>d) Proses memantau aktivitas jaringan</p>""]}","[""b""]",2024-07-09
6064519,Menguasai Peretasan Etis dan Integrasi AI,0,6441283,simple-quiz,Assess Your Knowledge on Cybersecurity Basics,2024-07-08,Yes,85470957,multiple-choice,"{""question"":""<p><strong>Apa kegunaan firewall dalam jaringan?</strong></p>"",""relatedLectureIds"":"""",""feedbacks"":["""","""","""",""""],""answers"":[""<p>a) Mengirim data ke server</p>"",""<p>b) Mengontrol dan memantau lalu lintas jaringan untuk mencegah akses yang tidak sah</p>"",""<p>c) Mempercepat koneksi internet</p>"",""<p>d) Menyimpan data pengguna</p><p><br></p>""]}","[""b""]",2024-07-09
6064519,Menguasai Peretasan Etis dan Integrasi AI,0,6441283,simple-quiz,Assess Your Knowledge on Cybersecurity Basics,2024-07-08,Yes,85471039,multiple-choice,"{""question"":""<p><strong>Identifikasi praktik yang BUKAN merupakan metode untuk melindungi keamanan online Anda.</strong></p>"",""relatedLectureIds"":"""",""feedbacks"":["""","""","""",""""],""answers"":[""<p>a) Menggunakan kata sandi yang kuat</p>"",""<p>b) Membagikan informasi pribadi di media sosial secara bebas</p>"",""<p>c) Mengaktifkan otentikasi dua faktor</p>"",""<p>d) Memperbarui perangkat lunak secara berkala</p><p><br></p>""]}","[""b""]",2024-07-09
6064519,Menguasai Peretasan Etis dan Integrasi AI,0,6441283,simple-quiz,Assess Your Knowledge on Cybersecurity Basics,2024-07-08,Yes,85470947,multiple-choice,"{""question"":""<p><strong>Apa yang dimaksud dengan istilah 'phishing' dalam keamanan siber?</strong></p>"",""relatedLectureIds"":"""",""feedbacks"":["""","""","""",""""],""answers"":[""<p>a) Teknik pengumpulan data dari situs web</p>"",""<p>b) Upaya penipuan untuk mendapatkan informasi sensitif dengan menyamar sebagai entitas yang dapat dipercaya</p>"",""<p>c) Proses enkripsi data</p>"",""<p>d) Menggunakan perangkat lunak untuk memonitor aktivitas jaringan</p><p><br></p>""]}","[""b""]",2024-07-09
6064519,Menguasai Peretasan Etis dan Integrasi AI,0,6441281,simple-quiz,Ethical Hacking Fundamentals Quiz,2024-07-08,Yes,85470927,multiple-choice,"{""question"":""<p><strong>Apa manfaat utama dari melakukan pengujian penetrasi dalam Peretasan Etis?</strong></p>"",""relatedLectureIds"":"""",""feedbacks"":["""","""","""",""""],""answers"":[""<p>a) Mengidentifikasi kelemahan sistem sebelum diserang oleh pihak jahat</p>"",""<p>b) Menghapus data sensitif</p>"",""<p>c) Mengirim virus ke sistem lain</p>"",""<p>d) Mengganti perangkat keras komputer secara berkala</p>""]}","[""a""]",2024-07-09
6064519,Menguasai Peretasan Etis dan Integrasi AI,0,6441281,simple-quiz,Ethical Hacking Fundamentals Quiz,2024-07-08,Yes,85470289,multiple-choice,"{""question"":""<p><strong>Apa tujuan utama dari Peretasan Etis?</strong></p>"",""relatedLectureIds"":"""",""feedbacks"":["""","""","""",""""],""answers"":[""<p>a) Mengakses informasi secara ilegal</p>"",""<p>b) Mengidentifikasi dan memperbaiki kerentanan keamanan</p>"",""<p>c) Menghancurkan data perusahaan</p>"",""<p>d) Mengirim email spam</p><p><br></p>""]}","[""b""]",2024-07-09
6064519,Menguasai Peretasan Etis dan Integrasi AI,0,6441281,simple-quiz,Ethical Hacking Fundamentals Quiz,2024-07-08,Yes,85470421,multiple-choice,"{""question"":""<p><strong>Mengapa penting untuk memahami pertimbangan hukum dan etika dalam Peretasan Etis?</strong></p>"",""relatedLectureIds"":"""",""feedbacks"":["""","""","""",""""],""answers"":[""<p>a) Untuk menghindari hukuman hukum</p>"",""<p>b) Untuk memastikan tindakan peretasan dilakukan secara aman dan sah</p>"",""<p>c) Untuk melindungi identitas peretas</p>"",""<p>d) Untuk menghemat waktu dan biaya</p><p><br></p>""]}","[""b""]",2024-07-09
6064519,Menguasai Peretasan Etis dan Integrasi AI,0,6441281,simple-quiz,Ethical Hacking Fundamentals Quiz,2024-07-08,Yes,85470737,multiple-choice,"{""question"":""<p><strong>Bagaimana perjalanan Anda dalam menguasai Peretasan Etis mempengaruhi pemahaman Anda tentang keamanan siber?</strong></p>"",""relatedLectureIds"":"""",""feedbacks"":["""","""","""",""""],""answers"":[""<p>a) Tidak mempengaruhi sama sekali</p>"",""<p>b) Menambah pengetahuan tentang teknik-teknik peretasan</p>"",""<p>c) Meningkatkan pemahaman tentang pentingnya keamanan data</p>"",""<p>d) Menyulitkan memahami konsep-konsep keamanan siber</p><p><br></p>""]}","[""c""]",2024-07-09
6064519,Menguasai Peretasan Etis dan Integrasi AI,0,6441281,simple-quiz,Ethical Hacking Fundamentals Quiz,2024-07-08,Yes,85470919,multiple-choice,"{""question"":""<p><strong>Mengapa Peretasan Etis signifikan di Era Digital?</strong></p>"",""relatedLectureIds"":"""",""feedbacks"":["""","""","""",""""],""answers"":[""<p>a) Untuk mengembangkan perangkat lunak baru</p>"",""<p>b) Untuk melindungi informasi digital dari ancaman</p>"",""<p>c) Untuk mengurangi biaya operasional perusahaan</p>"",""<p>d) Untuk mempromosikan produk digital</p><p><br></p>""]}","[""b""]",2024-07-09
