slug,keyword
comptia-a-complete-course,comptia a+ complete course
comptia-a-complete-course,comptia a+ complete course study guide
comptia-a-complete-course,comptia a+ complete course practice questions
comptia-a-complete-course,comptia a+ complete course exam tips
comptia-a-complete-course,comptia a+ complete course syllabus
comptia-a-complete-course,comptia a+ complete course pass first attempt
comptia-a-complete-course,comptia a+ complete course exam dumps alternatives
comptia-a-complete-course,comptia a+ complete course free practice test
comptia-network-course,comptia network+ course
comptia-network-course,comptia network+ course study guide
comptia-network-course,comptia network+ course practice questions
comptia-network-course,comptia network+ course exam tips
comptia-network-course,comptia network+ course syllabus
comptia-network-course,comptia network+ course pass first attempt
comptia-network-course,comptia network+ course exam dumps alternatives
comptia-network-course,comptia network+ course free practice test
comptia-security-course,comptia security+ course
comptia-security-course,comptia security+ course study guide
comptia-security-course,comptia security+ course practice questions
comptia-security-course,comptia security+ course exam tips
comptia-security-course,comptia security+ course syllabus
comptia-security-course,comptia security+ course pass first attempt
comptia-security-course,comptia security+ course exam dumps alternatives
comptia-security-course,comptia security+ course free practice test
aws-solutions-architect-associate-course,aws solutions architect associate course
aws-solutions-architect-associate-course,aws solutions architect associate course study guide
aws-solutions-architect-associate-course,aws solutions architect associate course practice questions
aws-solutions-architect-associate-course,aws solutions architect associate course exam tips
aws-solutions-architect-associate-course,aws solutions architect associate course syllabus
aws-solutions-architect-associate-course,aws solutions architect associate course pass first attempt
aws-solutions-architect-associate-course,aws solutions architect associate course exam dumps alternatives
aws-solutions-architect-associate-course,aws solutions architect associate course free practice test
aws-developer-associate-course,aws developer associate course
aws-developer-associate-course,aws developer associate course study guide
aws-developer-associate-course,aws developer associate course practice questions
aws-developer-associate-course,aws developer associate course exam tips
aws-developer-associate-course,aws developer associate course syllabus
aws-developer-associate-course,aws developer associate course pass first attempt
aws-developer-associate-course,aws developer associate course exam dumps alternatives
aws-developer-associate-course,aws developer associate course free practice test
google-associate-cloud-engineer-course,google associate cloud engineer course
google-associate-cloud-engineer-course,google associate cloud engineer course study guide
google-associate-cloud-engineer-course,google associate cloud engineer course practice questions
google-associate-cloud-engineer-course,google associate cloud engineer course exam tips
google-associate-cloud-engineer-course,google associate cloud engineer course syllabus
google-associate-cloud-engineer-course,google associate cloud engineer course pass first attempt
google-associate-cloud-engineer-course,google associate cloud engineer course exam dumps alternatives
google-associate-cloud-engineer-course,google associate cloud engineer course free practice test
azure-administrator-az-104-course,azure administrator az-104 course
azure-administrator-az-104-course,azure administrator az-104 course study guide
azure-administrator-az-104-course,azure administrator az-104 course practice questions
azure-administrator-az-104-course,azure administrator az-104 course exam tips
azure-administrator-az-104-course,azure administrator az-104 course syllabus
azure-administrator-az-104-course,azure administrator az-104 course pass first attempt
azure-administrator-az-104-course,azure administrator az-104 course exam dumps alternatives
azure-administrator-az-104-course,azure administrator az-104 course free practice test
azure-fundamentals-az-900-course,azure fundamentals az-900 course
azure-fundamentals-az-900-course,azure fundamentals az-900 course study guide
azure-fundamentals-az-900-course,azure fundamentals az-900 course practice questions
azure-fundamentals-az-900-course,azure fundamentals az-900 course exam tips
azure-fundamentals-az-900-course,azure fundamentals az-900 course syllabus
azure-fundamentals-az-900-course,azure fundamentals az-900 course pass first attempt
azure-fundamentals-az-900-course,azure fundamentals az-900 course exam dumps alternatives
azure-fundamentals-az-900-course,azure fundamentals az-900 course free practice test
cisco-ccna-200-301-course,cisco ccna 200-301 course
cisco-ccna-200-301-course,cisco ccna 200-301 course study guide
cisco-ccna-200-301-course,cisco ccna 200-301 course practice questions
cisco-ccna-200-301-course,cisco ccna 200-301 course exam tips
cisco-ccna-200-301-course,cisco ccna 200-301 course syllabus
cisco-ccna-200-301-course,cisco ccna 200-301 course pass first attempt
cisco-ccna-200-301-course,cisco ccna 200-301 course exam dumps alternatives
cisco-ccna-200-301-course,cisco ccna 200-301 course free practice test
terraform-associate-course,terraform associate course
terraform-associate-course,terraform associate course study guide
terraform-associate-course,terraform associate course practice questions
terraform-associate-course,terraform associate course exam tips
terraform-associate-course,terraform associate course syllabus
terraform-associate-course,terraform associate course pass first attempt
terraform-associate-course,terraform associate course exam dumps alternatives
terraform-associate-course,terraform associate course free practice test
certified-kubernetes-administrator-course,certified kubernetes administrator course
certified-kubernetes-administrator-course,certified kubernetes administrator course study guide
certified-kubernetes-administrator-course,certified kubernetes administrator course practice questions
certified-kubernetes-administrator-course,certified kubernetes administrator course exam tips
certified-kubernetes-administrator-course,certified kubernetes administrator course syllabus
certified-kubernetes-administrator-course,certified kubernetes administrator course pass first attempt
certified-kubernetes-administrator-course,certified kubernetes administrator course exam dumps alternatives
certified-kubernetes-administrator-course,certified kubernetes administrator course free practice test
certified-kubernetes-application-developer-course,certified kubernetes application developer course
certified-kubernetes-application-developer-course,certified kubernetes application developer course study guide
certified-kubernetes-application-developer-course,certified kubernetes application developer course practice questions
certified-kubernetes-application-developer-course,certified kubernetes application developer course exam tips
certified-kubernetes-application-developer-course,certified kubernetes application developer course syllabus
certified-kubernetes-application-developer-course,certified kubernetes application developer course pass first attempt
certified-kubernetes-application-developer-course,certified kubernetes application developer course exam dumps alternatives
certified-kubernetes-application-developer-course,certified kubernetes application developer course free practice test
devops-professional-dop-c02-course,devops professional dop-c02 course
devops-professional-dop-c02-course,devops professional dop-c02 course study guide
devops-professional-dop-c02-course,devops professional dop-c02 course practice questions
devops-professional-dop-c02-course,devops professional dop-c02 course exam tips
devops-professional-dop-c02-course,devops professional dop-c02 course syllabus
devops-professional-dop-c02-course,devops professional dop-c02 course pass first attempt
devops-professional-dop-c02-course,devops professional dop-c02 course exam dumps alternatives
devops-professional-dop-c02-course,devops professional dop-c02 course free practice test
itil-4-foundation-course,itil 4 foundation course
itil-4-foundation-course,itil 4 foundation course study guide
itil-4-foundation-course,itil 4 foundation course practice questions
itil-4-foundation-course,itil 4 foundation course exam tips
itil-4-foundation-course,itil 4 foundation course syllabus
itil-4-foundation-course,itil 4 foundation course pass first attempt
itil-4-foundation-course,itil 4 foundation course exam dumps alternatives
itil-4-foundation-course,itil 4 foundation course free practice test
pmp-exam-prep-course,pmp exam prep course
pmp-exam-prep-course,pmp exam prep course study guide
pmp-exam-prep-course,pmp exam prep course practice questions
pmp-exam-prep-course,pmp exam prep course exam tips
pmp-exam-prep-course,pmp exam prep course syllabus
pmp-exam-prep-course,pmp exam prep course pass first attempt
pmp-exam-prep-course,pmp exam prep course exam dumps alternatives
pmp-exam-prep-course,pmp exam prep course free practice test
scrum-master-certification-course,scrum master certification course
scrum-master-certification-course,scrum master certification course study guide
scrum-master-certification-course,scrum master certification course practice questions
scrum-master-certification-course,scrum master certification course exam tips
scrum-master-certification-course,scrum master certification course syllabus
scrum-master-certification-course,scrum master certification course pass first attempt
scrum-master-certification-course,scrum master certification course exam dumps alternatives
scrum-master-certification-course,scrum master certification course free practice test
prince2-foundation-course,prince2 foundation course
prince2-foundation-course,prince2 foundation course study guide
prince2-foundation-course,prince2 foundation course practice questions
prince2-foundation-course,prince2 foundation course exam tips
prince2-foundation-course,prince2 foundation course syllabus
prince2-foundation-course,prince2 foundation course pass first attempt
prince2-foundation-course,prince2 foundation course exam dumps alternatives
prince2-foundation-course,prince2 foundation course free practice test
ceh-v12-ethical-hacking-course,ceh v12 ethical hacking course
ceh-v12-ethical-hacking-course,ceh v12 ethical hacking course study guide
ceh-v12-ethical-hacking-course,ceh v12 ethical hacking course practice questions
ceh-v12-ethical-hacking-course,ceh v12 ethical hacking course exam tips
ceh-v12-ethical-hacking-course,ceh v12 ethical hacking course syllabus
ceh-v12-ethical-hacking-course,ceh v12 ethical hacking course pass first attempt
ceh-v12-ethical-hacking-course,ceh v12 ethical hacking course exam dumps alternatives
ceh-v12-ethical-hacking-course,ceh v12 ethical hacking course free practice test
cissp-full-domains-course,cissp full domains course
cissp-full-domains-course,cissp full domains course study guide
cissp-full-domains-course,cissp full domains course practice questions
cissp-full-domains-course,cissp full domains course exam tips
cissp-full-domains-course,cissp full domains course syllabus
cissp-full-domains-course,cissp full domains course pass first attempt
cissp-full-domains-course,cissp full domains course exam dumps alternatives
cissp-full-domains-course,cissp full domains course free practice test
