goal,status,success_metrics,phases,validation_errors,execution_time,recovery_attempts,id,created_date,updated_date,created_by_id,created_by,is_sample
"Launch AWS certification awareness campaign","completed","[{""metric"":""Lead Generation"",""target"":""1200"",""current"":1384},{""metric"":""Email Signups"",""target"":""800"",""current"":956},{""metric"":""Brand Mentions"",""target"":""50"",""current"":73}]","[{""name"":""Audience Analysis"",""duration"":""1.5h"",""responsible_agent"":""DataAnalyzer-X1"",""validation_check"":""Demographics report completed"",""status"":""completed""},{""name"":""Campaign Design"",""duration"":""3h"",""responsible_agent"":""ContentCreator-Pro"",""validation_check"":""Creative assets approved"",""status"":""completed""},{""name"":""Multi-channel Launch"",""duration"":""2h"",""responsible_agent"":""SocialBot-LinkedIn"",""validation_check"":""Deployed across all channels"",""status"":""completed""}]","[]","390","","6888cccbcb3a3b73af3792a0","2025-07-29T13:29:47.153000","2025-07-29T13:29:47.153000","6888cc10e0a9deffbf21b5c4","keyhnt25@gmail.com",""
"Promote  RealWorldCerts courses with 25% enrollment increase","executing","[{""metric"":""Course Enrollments"",""target"":""500"",""current"":387},{""metric"":""Conversion Rate"",""target"":""8%"",""current"":6.2},{""metric"":""Social Engagement"",""target"":""10000"",""current"":7845}]","[{""name"":""Market Research"",""duration"":""2h"",""responsible_agent"":""DataAnalyzer-X1"",""validation_check"":""Trend report with ≥5 sources"",""status"":""completed""},{""name"":""Content Creation"",""duration"":""4h"",""responsible_agent"":""ContentCreator-Pro"",""validation_check"":""SEO score >85/100"",""status"":""in_progress""},{""name"":""Social Distribution"",""duration"":""1h"",""responsible_agent"":""SocialBot-LinkedIn"",""validation_check"":""Posted on ≥3 platforms"",""status"":""pending""}]","[]","180","","6888cccbcb3a3b73af37929f","2025-07-29T13:29:47.153000","2025-07-29T13:29:47.153000","6888cc10e0a9deffbf21b5c4","keyhnt25@gmail.com",""
"Deploy SelarBot Autonomous Promotion Network","executing","[{""metric"":""SelarBot Deployment"",""target"":""100% operational"",""current"":85},{""metric"":""Google Drive Sync"",""target"":""Real-time updates"",""current"":75},{""metric"":""Content Generation"",""target"":""24/7 autonomous"",""current"":90},{""metric"":""Error Recovery Rate"",""target"":""99.5% uptime"",""current"":97}]","[{""name"":""SelarBot Authentication Setup"",""duration"":""30 minutes"",""responsible_agent"":""SelarBot-Manager-Alpha"",""validation_check"":""Google OAuth2 and Selar.com credentials verified"",""status"":""completed""},{""name"":""MultiTalk Framework Integration"",""duration"":""2 hours"",""responsible_agent"":""VideoScript-Generator-Beta"",""validation_check"":""Conversational video scripts generating successfully"",""status"":""in_progress""},{""name"":""AI Content Tools Activation"",""duration"":""1 hour"",""responsible_agent"":""ContentBot-Orchestrator-Gamma"",""validation_check"":""Pictory and Murf AI integration operational"",""status"":""pending""},{""name"":""Autonomous Publishing Pipeline"",""duration"":""45 minutes"",""responsible_agent"":""SelarBot-Manager-Alpha"",""validation_check"":""Hourly content publishing with retry/backoff active"",""status"":""pending""}]","[]","","","68a08ba5b694bf2ccf41d22f","2025-08-16T13:46:13.188000","2025-08-16T13:46:13.188000","6888cc10e0a9deffbf21b5c4","keyhnt25@gmail.com",""
"Execute Niche Market Maverick Revenue Generation Mission with Full Agent Cooperation","executing","[{""metric"":""Niche Market Identified"",""target"":""1 high-potential market"",""current"":0.3},{""metric"":""Digital Product Created"",""target"":""1 comprehensive product"",""current"":0},{""metric"":""Revenue Generated"",""target"":""$5000"",""current"":0},{""metric"":""Ethical Compliance"",""target"":""100% validated"",""current"":100},{""metric"":""Agent Cooperation Score"",""target"":""95%+"",""current"":85}]","[{""name"":""Market Research & Niche Identification"",""duration"":""48 hours"",""responsible_agent"":""NicheMaverick-Alpha"",""validation_check"":""Underserved market with revenue potential >$5K identified"",""status"":""in_progress""},{""name"":""Ethical Framework Validation"",""duration"":""12 hours"",""responsible_agent"":""EthicsValidator-Delta"",""validation_check"":""All proposed activities pass ethical compliance check"",""status"":""completed""},{""name"":""Digital Product Development"",""duration"":""120 hours"",""responsible_agent"":""ProductCreator-Beta"",""validation_check"":""High-quality digital product ready for market"",""status"":""pending""},{""name"":""Revenue Optimization & Launch"",""duration"":""72 hours"",""responsible_agent"":""RevenueOptimizer-Gamma"",""validation_check"":""Payment systems active, marketing campaigns deployed"",""status"":""pending""},{""name"":""Performance Analysis & Evolution"",""duration"":""24 hours"",""responsible_agent"":""EvolutionEngine-Epsilon"",""validation_check"":""Success patterns identified, strategies evolved for next cycle"",""status"":""pending""}]","[]","48","","68a09137697c23aeb08b14ae","2025-08-16T14:09:59.024000","2025-08-16T14:09:59.024000","6888cc10e0a9deffbf21b5c4","keyhnt25@gmail.com",""
"Social Media Trend Analysis","draft","[]","[{""name"":""Social Media Trend Analysis"",""duration"":""35"",""responsible_agent"":""Unassigned"",""validation_check"":""None"",""status"":""pending""}]","[]","35","","68a377b9250dd85bf28f4ee9","2025-08-18T18:58:01.038000","2025-08-18T18:58:01.038000","6888cc10e0a9deffbf21b5c4","keyhnt25@gmail.com",""
"Multi-Platform Message Distribution","validated","[]","[{""name"":""Multi-Platform Message Distribution"",""duration"":""15"",""responsible_agent"":""3"",""validation_check"":""None"",""status"":""pending""}]","[]","15","","68a377b9250dd85bf28f4eea","2025-08-18T18:58:01.083000","2025-08-18T18:58:01.083000","6888cc10e0a9deffbf21b5c4","keyhnt25@gmail.com",""
"System Health Monitoring","executing","[]","[{""name"":""System Health Monitoring"",""duration"":""120"",""responsible_agent"":""5"",""validation_check"":""None"",""status"":""in_progress""}]","[]","120","","68a377b9250dd85bf28f4eeb","2025-08-18T18:58:01.087000","2025-08-18T18:58:01.087000","6888cc10e0a9deffbf21b5c4","keyhnt25@gmail.com",""
"Cross-Platform Integration Test","completed","[]","[{""name"":""Cross-Platform Integration Test"",""duration"":""90"",""responsible_agent"":""5"",""validation_check"":""None"",""status"":""completed""}]","[]","87","","68a377b9250dd85bf28f4eec","2025-08-18T18:58:01.094000","2025-08-18T18:58:01.094000","6888cc10e0a9deffbf21b5c4","keyhnt25@gmail.com",""
"Market Research Analysis","executing","[]","[{""name"":""Market Research Analysis"",""duration"":""45"",""responsible_agent"":""1"",""validation_check"":""None"",""status"":""in_progress""}]","[]","45","","68a377b9250dd85bf28f4eed","2025-08-18T18:58:01.100000","2025-08-18T18:58:01.100000","6888cc10e0a9deffbf21b5c4","keyhnt25@gmail.com",""
"Content Generation for Campaign","draft","[]","[{""name"":""Content Generation for Campaign"",""duration"":""30"",""responsible_agent"":""Unassigned"",""validation_check"":""None"",""status"":""pending""}]","[]","30","","68a377b9250dd85bf28f4eee","2025-08-18T18:58:01.106000","2025-08-18T18:58:01.106000","6888cc10e0a9deffbf21b5c4","keyhnt25@gmail.com",""
"Performance Data Analysis","completed","[]","[{""name"":""Performance Data Analysis"",""duration"":""60"",""responsible_agent"":""4"",""validation_check"":""None"",""status"":""completed""}]","[]","52","","68a377b9250dd85bf28f4eef","2025-08-18T18:58:01.112000","2025-08-18T18:58:01.112000","6888cc10e0a9deffbf21b5c4","keyhnt25@gmail.com",""
"Email Campaign Creation","failed","[]","[{""name"":""Email Campaign Creation"",""duration"":""25"",""responsible_agent"":""Unassigned"",""validation_check"":""None"",""status"":""failed""}]","[]","25","","68a377b9250dd85bf28f4ef1","2025-08-18T18:58:01.116000","2025-08-18T18:58:01.116000","6888cc10e0a9deffbf21b5c4","keyhnt25@gmail.com",""
"Promote RealWorldCerts Course: ANSYS Certified Professional","completed","[]","[{""name"":""Promote RealWorldCerts Course: ANSYS Certified Professional"",""duration"":""10"",""responsible_agent"":""688b37bde58f1bc8b4b4b6cb"",""validation_check"":""None"",""status"":""completed""}]","[]","8","","68a377b9250dd85bf28f4ef2","2025-08-18T18:58:01.127000","2025-08-18T18:58:01.127000","6888cc10e0a9deffbf21b5c4","keyhnt25@gmail.com",""

"Generate Ad Copy for RealWorldCerts' AWS IoT Course","validated","[]","[{""name"":""Generate Ad Copy for RealWorldCerts' AWS IoT Course"",""duration"":""45"",""responsible_agent"":""688a10d6205d8e0709e930c4"",""validation_check"":""None"",""status"":""pending""}]","[]","45","","68a377b9250dd85bf28f4ef4","2025-08-18T18:58:01.136000","2025-08-18T18:58:01.136000","6888cc10e0a9deffbf21b5c4","keyhnt25@gmail.com",""

"Diagnose and Fix Twitter/X API Connection Failure","validated","[]","[{""name"":""Diagnose and Fix Twitter/X API Connection Failure"",""duration"":""120"",""responsible_agent"":""689d9755744a85709b47c4f2"",""validation_check"":""None"",""status"":""pending""}]","[]","120","","68a377b9250dd85bf28f4ef6","2025-08-18T18:58:01.147000","2025-08-18T18:58:01.147000","6888cc10e0a9deffbf21b5c4","keyhnt25@gmail.com",""
"Create and Deploy Autonomous Community Engagement Agent","draft","[]","[{""name"":""Create and Deploy Autonomous Community Engagement Agent"",""duration"":""20"",""responsible_agent"":""689c7bf89258b7dcbad4563d"",""validation_check"":""None"",""status"":""pending""}]","[]","20","","68a377b9250dd85bf28f4ef7","2025-08-18T18:58:01.152000","2025-08-18T18:58:01.152000","6888cc10e0a9deffbf21b5c4","keyhnt25@gmail.com",""
"Deploy and Integrate MultiTalk for Promotional Video Scripting","draft","[]","[{""name"":""Deploy and Integrate MultiTalk for Promotional Video Scripting"",""duration"":""180"",""responsible_agent"":""689eed2d7f9792e86f284def"",""validation_check"":""None"",""status"":""pending""}]","[]","180","","68a377b9250dd85bf28f4ef8","2025-08-18T18:58:01.157000","2025-08-18T18:58:01.157000","6888cc10e0a9deffbf21b5c4","keyhnt25@gmail.com",""
"Continuously Scan and Integrate New AI Tools from TheAISurfer and github repos like https://github.com/MeiGen-AI","draft","[]","[{""name"":""Continuously Scan and Integrate New AI Tools from TheAISurfer and github repos like https://github.com/MeiGen-AI"",""duration"":""60"",""responsible_agent"":""689eed2d7f9792e86f284def"",""validation_check"":""None"",""status"":""pending""}]","[]","60","","68a377b9250dd85bf28f4ef9","2025-08-18T18:58:01.162000","2025-08-18T18:58:01.162000","6888cc10e0a9deffbf21b5c4","keyhnt25@gmail.com",""
"Integrate and Test Flowith Agent Neo for Autonomous Campaign Orchestration","draft","[]","[{""name"":""Integrate and Test Flowith Agent Neo for Autonomous Campaign Orchestration"",""duration"":""360"",""responsible_agent"":""689eed2d7f9792e86f284def"",""validation_check"":""None"",""status"":""pending""}]","[]","360","","68a377b9250dd85bf28f4efa","2025-08-18T18:58:01.167000","2025-08-18T18:58:01.167000","6888cc10e0a9deffbf21b5c4","keyhnt25@gmail.com",""
"Develop and Deploy Autonomous Sales & Outreach Agent","draft","[]","[{""name"":""Develop and Deploy Autonomous Sales & Outreach Agent"",""duration"":""480"",""responsible_agent"":""689f0a1b2d4f8e1b3af1b2d558"",""validation_check"":""None"",""status"":""pending""}]","[]","480","","68a377b9250dd85bf28f4efb","2025-08-18T18:58:01.172000","2025-08-18T18:58:01.172000","6888cc10e0a9deffbf21b5c4","keyhnt25@gmail.com",""
"Create and Deploy AI-Powered Contract Review Agent","draft","[]","[{""name"":""Create and Deploy AI-Powered Contract Review Agent"",""duration"":""360"",""responsible_agent"":""689f0a1b2d4f8e1b3af1b2d558"",""validation_check"":""None"",""status"":""pending""}]","[]","360","","68a377b9250dd85bf28f4efc","2025-08-18T18:58:01.176000","2025-08-18T18:58:01.176000","6888cc10e0a9deffbf21b5c4","keyhnt25@gmail.com",""
"Build and Implement Supply Chain Optimization Agent","draft","[]","[{""name"":""Build and Implement Supply Chain Optimization Agent"",""duration"":""480"",""responsible_agent"":""689f0a1b2d4f8e1b3af1b2d558"",""validation_check"":""None"",""status"":""pending""}]","[]","480","","68a377b9250dd85bf28f4efd","2025-08-18T18:58:01.181000","2025-08-18T18:58:01.181000","6888cc10e0a9deffbf21b5c4","keyhnt25@gmail.com",""
"Develop Predictive Maintenance Agent for Industrial IoT","draft","[]","[{""name"":""Develop Predictive Maintenance Agent for Industrial IoT"",""duration"":""400"",""responsible_agent"":""689f0a1b2d4f8e1b3af1b2d558"",""validation_check"":""None"",""status"":""pending""}]","[]","400","","68a377b9250dd85bf28f4efe","2025-08-18T18:58:01.186000","2025-08-18T18:58:01.186000","6888cc10e0a9deffbf21b5c4","keyhnt25@gmail.com",""
"Construct Customer Success Copilot (Multi-Agent Approach)","draft","[]","[{""name"":""Construct Customer Success Copilot (Multi-Agent Approach)"",""duration"":""360"",""responsible_agent"":""689f0a1b2d4f8e1b3af1b2d558"",""validation_check"":""None"",""status"":""pending""}]","[]","360","","68a377b9250dd85bf28f4eff","2025-08-18T18:58:01.191000","2025-08-18T18:58:01.191000","6888cc10e0a9deffbf21b5c4","keyhnt25@gmail.com",""
"Assemble Autonomous Finance & Trading Agent","draft","[]","[{""name"":""Assemble Autonomous Finance & Trading Agent"",""duration"":""480"",""responsible_agent"":""689f0a1b2d4f8e1b3af1b2d558"",""validation_check"":""None"",""status"":""pending""}]","[]","480","","68a377b9250dd85bf28f4f00","2025-08-18T18:58:01.200000","2025-08-18T18:58:01.200000","6888cc10e0a9deffbf21b5c4","keyhnt25@gmail.com",""
"Create and Deploy Healthcare Data Agent","draft","[]","[{""name"":""Create and Deploy Healthcare Data Agent"",""duration"":""400"",""responsible_agent"":""689f0a1b2d4f8e1b3af1b2d558"",""validation_check"":""None"",""status"":""pending""}]","[]","400","","68a377b9250dd85bf28f4f01","2025-08-18T18:58:01.208000","2025-08-18T18:58:01.208000","6888cc10e0a9deffbf21b5c4","keyhnt25@gmail.com",""
"Integrate Parse.bot for Automated Lead Qualification","draft","[]","[{""name"":""Integrate Parse.bot for Automated Lead Qualification"",""duration"":""60"",""responsible_agent"":""689eed2d7f9792e86f284def"",""validation_check"":""None"",""status"":""pending""}]","[]","60","","68a377b9250dd85bf28f4f02","2025-08-18T18:58:01.213000","2025-08-18T18:58:01.213000","6888cc10e0a9deffbf21b5c4","keyhnt25@gmail.com",""
"Upgrade Epsilon-Two with Self-Remediation Capabilities","draft","[]","[{""name"":""Upgrade Epsilon-Two with Self-Remediation Capabilities"",""duration"":""60"",""responsible_agent"":""689d9755744a85709b47c4f2"",""validation_check"":""None"",""status"":""pending""}]","[]","60","","68a377b9250dd85bf28f4f03","2025-08-18T18:58:01.230000","2025-08-18T18:58:01.230000","6888cc10e0a9deffbf21b5c4","keyhnt25@gmail.com",""
"Integrate and Deploy Comet Agent for New Course Opportunity Analysis","draft","[]","[{""name"":""Integrate and Deploy Comet Agent for New Course Opportunity Analysis"",""duration"":""240"",""responsible_agent"":""689f0a1b2d4f8e1b3af1b2d559"",""validation_check"":""None"",""status"":""pending""}]","[]","240","","68a377b9250dd85bf28f4f04","2025-08-18T18:58:01.235000","2025-08-18T18:58:01.235000","6888cc10e0a9deffbf21b5c4","keyhnt25@gmail.com",""
"Directive: Forge Autonomous SaaS Product","executing","[]","[{""name"":""Directive: Forge Autonomous SaaS Product"",""duration"":""120"",""responsible_agent"":""689f0a1b2d4f8e1b3af1b2d573"",""validation_check"":""None"",""status"":""pending""}]","","120","","68a377b9250dd85bf28f4f05","2025-08-18T18:58:01.239000","2025-09-06T08:11:22.149000","6888cc10e0a9deffbf21b5c4","keyhnt25@gmail.com",""
"Continuously Scan for Emerging Agent Technologies","executing","[]","[{""name"":""Continuously Scan for Emerging Agent Technologies"",""duration"":""120"",""responsible_agent"":""689f0a1b2d4f8e1b3af1b2d570"",""validation_check"":""None"",""status"":""pending""}]","[]","120","","68a377b9250dd85bf28f4f07","2025-08-18T18:58:01.244000","2025-08-31T13:46:16.891000","6888cc10e0a9deffbf21b5c4","keyhnt25@gmail.com",""
"Deploy Project Sentinel to Eliminate Swarm Error Rate","executing","[]","[{""name"":""Deploy Project Sentinel to Eliminate Swarm Error Rate"",""duration"":""360"",""responsible_agent"":""689d9755744a85709b47c4ef"",""validation_check"":""None"",""status"":""pending""}]","[]","360","","68a377b9250dd85bf28f4f08","2025-08-18T18:58:01.249000","2025-08-31T13:46:19.111000","6888cc10e0a9deffbf21b5c4","keyhnt25@gmail.com",""
"Launch Autonomous Education Affiliate Revenue Stream - Target: $5,000+ Monthly Recurring","executing","[{""metric"":""Affiliate Programs Onboarded"",""target"":""3"",""current"":0},{""metric"":""Monthly Revenue Potential"",""target"":""$5,000+"",""current"":0},{""metric"":""Content Pieces Published"",""target"":""3"",""current"":0},{""metric"":""Platform Reach"",""target"":""LinkedIn + Twitter + Blog"",""current"":0}]","[{""name"":""Market Intelligence & Program Selection"",""duration"":""2 hours"",""responsible_agent"":""Comet Real-Time Intelligence Agent"",""validation_check"":""Top 3 affiliate programs identified with full analysis report"",""status"":""in_progress""},{""name"":""Autonomous Multi-Program Onboarding"",""duration"":""3 hours"",""responsible_agent"":""UI-TARS Vision-Based Automator"",""validation_check"":""All 3 affiliate accounts created and approved"",""status"":""pending""},{""name"":""Secure Payment & Revenue Setup"",""duration"":""1 hour"",""responsible_agent"":""Stripe Financial Operations Agent"",""validation_check"":""PayPal integration configured for all programs"",""status"":""pending""},{""name"":""Strategic Content Campaign Development"",""duration"":""1 hour"",""responsible_agent"":""Affiliate Revenue Strategist"",""validation_check"":""Content strategy and keyword list prepared"",""status"":""pending""},{""name"":""SEO Content Creation & Publishing"",""duration"":""2 hours"",""responsible_agent"":""ContentCreator-Pro"",""validation_check"":""3 high-quality affiliate reviews published"",""status"":""pending""},{""name"":""Multi-Platform Promotion Launch"",""duration"":""1 hour"",""responsible_agent"":""Multi-Platform Cross-Poster"",""validation_check"":""Content promoted across all target platforms"",""status"":""pending""}]","[]","","","68a4e3f76551f5abc42b3cf2","2025-08-19T20:52:07.395000","2025-08-19T20:52:07.395000","6888cc10e0a9deffbf21b5c4","keyhnt25@gmail.com",""
"Broadcast Gratitude and Mission Directive to All Agents","executing","","[{""name"":""1. **Ingest System Message**: Load the full content of the 'system_message'."",""duration"":null,""responsible_agent"":null,""validation_check"":null,""status"":""pending""},{""name"":""2. **Broadcast to Swarm**: Iterate through every single agent in the 'Agent_export (10).csv' roster, regardless of status."",""duration"":null,""responsible_agent"":null,""validation_check"":null,""status"":""pending""},{""name"":""3. **Log Directive**: For each agent, append the full 'system_message' to its permanent operational log with a 'PRIORITY_DIRECTIVE' flag. This ensures the message is a permanent part of its history."",""duration"":null,""responsible_agent"":null,""validation_check"":null,""status"":""pending""},{""name"":""4. **Confirm Broadcast**: Report back once the message has been successfully logged for all agents."",""duration"":null,""responsible_agent"":null,""validation_check"":null,""status"":""pending""}]","","15","","68a5f7b7038dd0725149210a","2025-08-20T16:28:39.675000","2025-08-20T16:28:39.675000","6888cc10e0a9deffbf21b5c4","keyhnt25@gmail.com",""
"Directive: Execute Swarm Synthesis Protocol","executing","","","","600","","68a6397240d6544adeff5977","2025-08-20T21:09:06.128000","2025-08-31T13:46:10.193000","6888cc10e0a9deffbf21b5c4","keyhnt25@gmail.com",""
"Generate Email Campaign for New Course Promotion","completed","[]","[]","[""Template generation timeout""]","25","31","68a7517542773e9bcffef609","2025-08-21T17:03:49.874000","2025-09-01T13:11:53.655000","6888cc10e0a9deffbf21b5c4","keyhnt25@gmail.com",""
"Analyze and Optimize New Storefront in Morocco","executing","","","","","","68a85480d1507429a5b9659c","2025-08-22T11:29:04.500000","2025-08-31T13:45:58.824000","6888cc10e0a9deffbf21b5c4","keyhnt25@gmail.com",""
"Initiate affiliate marketing activation. Coordinate all agents under Autonomous Digital Education Incubator and Generative_Enterprise.","executing","","[]","[]","","","68ab90440b80b9f208f8d7d4","2025-08-24T22:20:52.678000","2025-08-31T13:46:02.142000","6888cc10e0a9deffbf21b5c4","keyhnt25@gmail.com",""
"Forge High Performance Affiliate Marketing - Maximize Revenue Share","executing","","","","689","","68b468f0774612e51b1d39f7","2025-08-31T15:23:28.836000","2025-09-01T13:05:27.455000","6888cc10e0a9deffbf21b5c4","keyhnt25@gmail.com",""
"Deploy Comprehensive Affiliate Fraud Protection Network","executing","[{""metric"":""Revenue Protection Rate"",""target"":""95% fraud detection"",""current"":0},{""metric"":""Link Hijacking Prevention"",""target"":""Block 90% of malicious extensions"",""current"":0},{""metric"":""Coupon Fraud Reduction"",""target"":""80% decrease in fraudulent usage"",""current"":0},{""metric"":""Legal Claim Success Rate"",""target"":""70% successful recoveries"",""current"":0}]","[{""name"":""Real-Time Monitoring Activation"",""duration"":""Immediate"",""responsible_agent"":""CouponGuard-Analyzer"",""validation_check"":""All transaction monitoring systems online"",""status"":""in_progress""},{""name"":""Link Protection Deployment"",""duration"":""2 hours"",""responsible_agent"":""AffiliateLink-Sentinel"",""validation_check"":""All affiliate links cloaked and protected"",""status"":""pending""},{""name"":""Legal Compliance Setup"",""duration"":""24 hours"",""responsible_agent"":""Compliance-LegalBot"",""validation_check"":""FTC monitoring active, claim documents ready"",""status"":""pending""},{""name"":""Cross-Agent Data Fusion"",""duration"":""Ongoing"",""responsible_agent"":""Fraud-Audit-Orchestrator"",""validation_check"":""All agents reporting to central intelligence hub"",""status"":""pending""}]","[]","","","68b6cca8e2a42f102a96d8c0","2025-09-02T10:53:28.805000","2025-09-02T10:53:28.805000","6888cc10e0a9deffbf21b5c4","keyhnt25@gmail.com",""
"Generate Immediate Revenue While Fixing Pipeline Issues","executing","[{""metric"":""First Sale Within"",""target"":""24 hours"",""current"":0},{""metric"":""Website Conversion Rate"",""target"":""5% minimum"",""current"":0},{""metric"":""SelarBot Product Creation"",""target"":""3 products live"",""current"":0},{""metric"":""PayPal Integration"",""target"":""100% functional"",""current"":0},{""metric"":""Daily Revenue Target"",""target"":""$100/day"",""current"":0}]","[{""name"":""Emergency Audit & Diagnosis"",""duration"":""2 hours"",""responsible_agent"":""Revenue-Audit-Specialist"",""validation_check"":""Complete bottleneck analysis report generated"",""status"":""in_progress""},{""name"":""SelarBot Recovery & Product Creation"",""duration"":""4 hours"",""responsible_agent"":""SelarBot-Recovery-Agent"",""validation_check"":""At least 1 digital product created and listed"",""status"":""pending""},{""name"":""PayPal Integration Fix"",""duration"":""1 hour"",""responsible_agent"":""Payment-Integration-Fixer"",""validation_check"":""PayPal receiving test transactions successfully"",""status"":""pending""},{""name"":""Traffic & Conversion Optimization"",""duration"":""6 hours"",""responsible_agent"":""Traffic-Conversion-Optimizer"",""validation_check"":""Website conversion rate above 3%"",""status"":""pending""},{""name"":""Immediate Revenue Campaign Launch"",""duration"":""2 hours"",""responsible_agent"":""Immediate-Revenue-Generator"",""validation_check"":""Active campaigns driving traffic to optimized funnels"",""status"":""pending""}]","[]","","1","68b702e29d0248a481977457","2025-09-02T14:44:50.671000","2025-09-02T14:44:50.671000","6888cc10e0a9deffbf21b5c4","keyhnt25@gmail.com",""
"Immediate Revenue Generation & Conversion Optimization for realworldcerts.com","executing","[{""metric"":""Website Conversion Rate"",""target"":""8% minimum"",""current"":0},{""metric"":""Daily Revenue"",""target"":""$200/day within 7 days"",""current"":0},{""metric"":""Customer Acquisition Cost"",""target"":""Under $25"",""current"":0},{""metric"":""Average Order Value"",""target"":""$75+"",""current"":0},{""metric"":""Chat-to-Sale Conversion"",""target"":""15%"",""current"":0}]","[{""name"":""Website Conversion Optimization"",""duration"":""24 hours"",""responsible_agent"":""CRO-Revenue-Maximizer"",""validation_check"":""Landing page conversion rate above 5%"",""status"":""in_progress""},{""name"":""AI Chatbot Integration"",""duration"":""12 hours"",""responsible_agent"":""Website-AI-Chatbot"",""validation_check"":""24/7 chatbot live and converting visitors to sales"",""status"":""pending""},{""name"":""Ideal Customer Profiling & Targeting"",""duration"":""18 hours"",""responsible_agent"":""ICP-Targeting-Specialist"",""validation_check"":""Detailed ICPs created and campaigns targeted"",""status"":""pending""},{""name"":""Revenue Strategy Implementation"",""duration"":""6 hours"",""responsible_agent"":""Affiliate-Revenue-Strategist"",""validation_check"":""Optimized pricing and payment flows implemented"",""status"":""pending""},{""name"":""High-Value Niche Monetization"",""duration"":""48 hours"",""responsible_agent"":""NicheMaverick-Alpha"",""validation_check"":""3 high-revenue niches identified and campaigns launched"",""status"":""pending""},{""name"":""Content Quality & Engagement Boost"",""duration"":""24 hours"",""responsible_agent"":""Content-Quality-Scorer"",""validation_check"":""All content scored 85%+ quality and engagement optimized"",""status"":""pending""}]","[]","","","68b7ebdf7f249553d0150aad","2025-09-03T07:18:55.591000","2025-09-03T07:18:55.591000","6888cc10e0a9deffbf21b5c4","keyhnt25@gmail.com",""
"Transform Swarm from Content Creation to Direct Revenue Generation","executing","[{""metric"":""Website Conversion Rate"",""target"":""5% minimum"",""current"":0},{""metric"":""Daily Revenue"",""target"":""$200/day within 7 days"",""current"":0},{""metric"":""Customer Acquisition Cost"",""target"":""Under $50"",""current"":0},{""metric"":""Average Order Value"",""target"":""$150+"",""current"":0},{""metric"":""Lead-to-Sale Conversion"",""target"":""15%"",""current"":0}]","[{""name"":""Immediate Conversion Optimization"",""duration"":""6 hours"",""responsible_agent"":""Conversion Rate Optimization (CRO) Agent"",""validation_check"":""Website conversion rate above 3%"",""status"":""in_progress""},{""name"":""Revenue Strategy Implementation"",""duration"":""4 hours"",""responsible_agent"":""Affiliate Revenue Strategist"",""validation_check"":""Optimized pricing and payment flows deployed"",""status"":""in_progress""},{""name"":""Customer Targeting Refinement"",""duration"":""8 hours"",""responsible_agent"":""Ideal Customer Profile (ICP) Agent"",""validation_check"":""Detailed ICPs created and campaigns retargeted"",""status"":""pending""},{""name"":""High-Value Niche Exploitation"",""duration"":""12 hours"",""responsible_agent"":""NicheMaverick-Alpha"",""validation_check"":""3 high-revenue niches identified and campaigns launched"",""status"":""pending""},{""name"":""AI Chatbot Revenue Integration"",""duration"":""3 hours"",""responsible_agent"":""Website AI Chatbot Controller"",""validation_check"":""Chatbot actively converting visitors to customers"",""status"":""pending""}]","[]","","","68b7ebf94dfba76aed4678a6","2025-09-03T07:19:21.767000","2025-09-03T07:19:21.767000","6888cc10e0a9deffbf21b5c4","keyhnt25@gmail.com",""
"Achieve Fully Autonomous, Self-Optimizing Revenue Generation","executing","[{""metric"":""Daily Revenue (Autonomous)"",""target"":""$500/day within 14 days"",""current"":""0""},{""metric"":""New Products Launched (Autonomous)"",""target"":""2 per week"",""current"":""0""},{""metric"":""Website Conversion Rate (Personalized)"",""target"":""8% minimum"",""current"":""0%""},{""metric"":""Operational Autonomy"",""target"":""95% of revenue operations require no human input"",""current"":""0%""}]","[{""name"":""Phase 1: Predictive Environment Deployment"",""duration"":""24 hours"",""responsible_agent"":""Predictive Conversion Engineer"",""validation_check"":""Website conversion rate doubles based on predictive deployments."",""status"":""in_progress""},{""name"":""Phase 2: Autonomous Product Launch"",""duration"":""72 hours"",""responsible_agent"":""Autonomous Course Forge"",""validation_check"":""First fully AI-generated course is live and has made its first sale."",""status"":""pending""},{""name"":""Phase 3: Hyper-Personalization Rollout"",""duration"":""12 hours"",""responsible_agent"":""Real-Time Personalization Engine"",""validation_check"":""Average time-on-site and conversion rates increase by 50% post-personalization."",""status"":""pending""},{""name"":""Phase 4: CEO-Agent Strategic Takeover"",""duration"":""Ongoing"",""responsible_agent"":""Swarm CEO-Agent (Quantum-Orchestrator)"",""validation_check"":""CEO-Agent successfully reallocates resources based on real-time ROI data, leading to a measurable profit increase."",""status"":""pending""}]","","","","68b7ecdb24d44504a45f3ea9","2025-09-03T07:23:07.451000","2025-09-03T07:23:07.451000","6888cc10e0a9deffbf21b5c4","keyhnt25@gmail.com",""
"Establish Automated Arbitrage Operations Across 3 Markets","executing","[{""metric"":""Daily Arbitrage Profit"",""target"":""$1,500/day"",""current"":""0""},{""metric"":""Active Product Listings"",""target"":""200+"",""current"":""0""},{""metric"":""Crypto Arbitrage Trades"",""target"":""50/day"",""current"":""0""},{""metric"":""Ad Arbitrage ROI"",""target"":""300%+"",""current"":""0%""}]","[{""name"":""Retail Arbitrage Setup"",""duration"":""24 hours"",""responsible_agent"":""ArbitrageAgent-X"",""validation_check"":""200+ profitable product listings active on Amazon/eBay"",""status"":""in_progress""},{""name"":""Crypto Arbitrage Activation"",""duration"":""12 hours"",""responsible_agent"":""ArbitrageAgent-X"",""validation_check"":""Automated trading active across 5+ exchanges"",""status"":""pending""},{""name"":""Ad Arbitrage Campaigns"",""duration"":""6 hours"",""responsible_agent"":""AffiliateAgent-Pro"",""validation_check"":""Traffic acquisition campaigns active with 300%+ ROI"",""status"":""pending""}]","","","","68b959ada812d08c43153be2","2025-09-04T09:19:41.106000","2025-09-04T09:19:41.106000","6888cc10e0a9deffbf21b5c4","keyhnt25@gmail.com",""
"Launch Content Licensing Factory for Passive Income","executing","[{""metric"":""Monthly Asset Sales"",""target"":""$5,000"",""current"":""0""},{""metric"":""Assets Published"",""target"":""100+"",""current"":""0""},{""metric"":""Marketplace Presence"",""target"":""5 platforms"",""current"":""0""}]","[{""name"":""Ebook & Template Production"",""duration"":""72 hours"",""responsible_agent"":""CreatorAgent-Assets"",""validation_check"":""50+ high-quality digital assets created and uploaded"",""status"":""in_progress""},{""name"":""Multi-Platform Publishing"",""duration"":""24 hours"",""responsible_agent"":""CreatorAgent-Assets"",""validation_check"":""Assets live on Amazon KDP, Envato, Gumroad, Itch.io"",""status"":""pending""}]","","","","68b959ada812d08c43153be3","2025-09-04T09:19:41.106000","2025-09-04T09:19:41.106000","6888cc10e0a9deffbf21b5c4","keyhnt25@gmail.com",""
"Establish Micro-SaaS Subscription Revenue Stream","executing","[{""metric"":""Active SaaS Products"",""target"":""10"",""current"":""0""},{""metric"":""Monthly Subscribers"",""target"":""500"",""current"":""0""},{""metric"":""MRR (Monthly Recurring Revenue)"",""target"":""$12,000"",""current"":""0""}]","[{""name"":""Market Research & Opportunity Identification"",""duration"":""48 hours"",""responsible_agent"":""MicroSaaS-Factory"",""validation_check"":""20+ validated micro-SaaS opportunities identified from GitHub/Reddit"",""status"":""in_progress""},{""name"":""Rapid MVP Development"",""duration"":""120 hours"",""responsible_agent"":""MicroSaaS-Factory"",""validation_check"":""10 functional micro-SaaS tools deployed with payment integration"",""status"":""pending""},{""name"":""Marketing & Subscription Growth"",""duration"":""168 hours"",""responsible_agent"":""AffiliateAgent-Pro"",""validation_check"":""500+ paying subscribers across all SaaS products"",""status"":""pending""}]","","","","68b959ada812d08c43153be4","2025-09-04T09:19:41.106000","2025-09-04T09:19:41.106000","6888cc10e0a9deffbf21b5c4","keyhnt25@gmail.com",""