course_id,title,num_active_enrollments,num_total_enrollments,rating
6429371,Certified IoT Professional (CIoTP) 2025 PrepTest,0,0,null
6348721,CompTIA Network+ certification practice test,0,1,null
6487179,Cardiology (CCDS) High-Difficulty Practice Exam,0,0,null
6496983,Bitrix24 Certified Administrator Practice Exam,0,0,null
6443793,GIAC Defensible Security Architecture (GDSA) 2025 PrepTest,1,1,null
6476295,ISO/IEC 27001: Information Security Management ExamPrep,0,0,null
6168529,Proyectos Adicionales e Ingresos Pasivos de 2025,0,0,null
6602285,Microsoft Certified Dynamics 365 Finance and Supply Chain,0,0,null
6756839,NSF GMP Registration & NSF/ANSI 455 Certification,0,1,null
6756475,Authorized Inspection Agency (AIA) Accreditation,0,0,null
6758179,NABTU MC3 Certification (Multi-Craft Core apprenticeship),0,0,null
6419339,Calculus test in Mathematics for the IIT JEE Engineering,0,1,null
6771653,ServiceNow Certified System Administrator (CSA) Practice,0,0,null
6806279,International Accredited Business Accountant (IABA) PrepTest,0,0,null
6447145,Private Pilot License (PPL) PrepTest 2025,0,0,null
6418685,OMCA Certification test prep,0,2,null
6395783,Cisco CCNP Hands-on Practical Test MCQs,0,0,null
6754897,MSP Programme Management Certification,0,0,null
6761517,Preliminary SAT/National Merit Scholarship Qualifying Test,0,0,null
6421635,Enterprise Architecture Foundation Exam Prep,0,0,null
6777781,Plastic Surgical Nursing Certification CANS+CPSN Bundle Prep,0,0,null
6801111,Impel Automotive AI Certification Prep Test,0,0,null
6446293,Sage Construction and Real Estate Certif 2025 Preptest,0,0,null
6452645,TensorFlow Developer Certificate PrepTest 2025,0,0,null
6493889,SamCart Certified Partner Program  Practice Exam,1,1,null
6428379,Certified Ethical AI Practitioner (CEAIP) 2025 PrepTest,0,0,null
5937958,Thriving in the 2025 Side Hustle and Passive Income Landscap,0,6,5
6765297,Databricks Certified Data Engineer Associate,0,0,null
6592289,"NASCLA Exam: Business Law, Contracts, Risk Management etc",2,6,2.5
6431737,Simulink Certification 2025 Exam prep,0,1,null
6433445,CSWP (Certified SolidWorks Professional) 2025 PrepTest,0,3,null
6488537,SPE Certification & Licensing Exam (Petroleum Engineering),0,8,1.8962264
6599357,SAP Concur Certified Associate 2025 Preptest,1,30,5
6391287,"LSAT PREPTEST 62, 63, 64, 65, 66, 67, 68, 69, 70, 71, 72, 73",0,0,null
6386921,SC-100 Microsoft Cybersecurity Architect +180 Exam Practice,0,0,null
6489503,Biomedical Engineering (BME) High-Difficulty Practice Exam,0,2,5
6608411,OSCP+ Certification Exam,0,12,null
6748867,VMware Certified Technical Associate (VCTA),0,0,null
6450209,AWS Certified Machine Learning – Specialty TestPrep 2025,0,0,null
6176709,Domina la Escritura Creativa con IA Generativa,0,1,3
6771613,Databricks Certified Generative AI Engineer Associate Exam,0,0,null
6064519,Menguasai Peretasan Etis dan Integrasi AI,0,0,null
6398033,IIAs Certified Internal Auditor (CIA) prep test,0,2,null
6763709,eCPPT  Certified Professional Penetration Tester,0,0,null
6456409,Certified Data Center Expert (CDCE) PrepTest 2025,0,0,null
6806493,Certified Quality Auditor (CQA) Prep Test,0,0,null
6781073,Free resources for All,30,209,null
6771827,SAP S/4HANA Financial Accounting (FICO) Exam Prep,0,0,null
6109267,تسلط بر هک اخلاقی و یکپارچه‌سازی هوش مصنوعی,0,0,null
6771537,GSDC Agentic AI Professional Certification preptest,0,0,null
6684625,Journeyman Plumber Exam Prep 2025 (IPC),0,1,null
6764097,eCIR Preparation,0,1,null
6765911,Accredited Buyer's Representative (ABR) Certification prep,0,0,null
6488315,Cisco DevNet: High-Difficulty Practice Exam,0,0,null
6369839,IT Fundamentals Certification Practice Test,0,0,null
6770635,AWS Certified Welding Inspector (CWI) Practice Exams,0,0,null
6806559,Certified Reliability Engineer (CRE) Prep Test,0,0,null
6753257,Linux Foundation Certified System Administrator (LFCS),0,0,null
6449391,Certified in Production and Inventory Management (CPIM) prep,0,0,null
6478405,Data Center Operations Certification (DCOC)  TestPrep 2025,0,3,null
6443745,GIAC Cloud Security Automation (GCSA) 2025 PrepTest,0,0,null
6428729,Certified Blockchain Developer (CBD) 2025 PrepTest,0,0,null
6472101,LEED Green Associate Exam Prep,0,0,null
6681805,Microsoft Certified Dynamics 365 Finance and Supply Chain,0,0,null
6033612,Dominar la Integración de Hacking Ético y IA,0,3,null
6431553,"IBM Quantum Certification 2025: Get Certified, Get Ahead",0,1,null
5993450,Cyber Threat Intelligence (CTI) Practice Test,0,0,null
6490639,Intellectual Property (Patent Bar) Practice Exam,0,1,null
5966608,Next-Gen SIEM Mastery: Advanced Techniques,1,8,4
6761715,NISM Securities Markets Foundation Certification -Series XII,0,0,null
6470543,Certified Data Center Energy Professional (CDCEP) PrepTest,0,0,null
6421563,Managing Successful Projects With PRINCE2 test prep,0,0,null
6408597,MCAT Physics and Math  2025 (Kaplan Test Prep),0,0,null
6594951,Data Centre Specialist Practice Test,0,4,null
6437479,SAE Certified Automotive Engineer (CAE) 2025 PrepTest,0,0,null
6492859,Twilio Certified Developer PrepTest 2025,0,0,null
6423973,Masterful Health and Wellness Coaching Health Coach preptest,0,0,null
6469477,Operational Sustainability (OS) Certification Exam Prep,0,0,null
6485825,Internal Medicine (ABIM) High-Difficulty Practice Exam,0,0,null
6414407,Microsoft Security Operations Analyst Exam Ref SC-200,0,0,null
6449493,TESOL/TEFL Certification TestPrep 2025,0,0,null
6446927,Certified Commercial Investment Member (CCIM) PrepTest 2025,0,2,null
6444813,SAP Concur Certified Associate 2025 Preptest,0,9,5
6739541,Erlang and Elixir programming,0,1,null
6406439,MCAT Organic Chemistry 2025 (Kaplan Test Prep),0,0,null
6465561,Siemens SCADA Engineer | 2025 Test Prep,0,1,null
6446641,Pipedrive CRM certificate PrepTest 2025,0,0,null
6479029,Cisco Certified Network Associate (CCNA) PrepTest 2025,0,1,null
6001160,Exploiter l'hypersensibilité,0,0,1
6454515,Certified Data Center Professional (CDCP) 2025 PrepTest,0,4,5
6439027,NVIDIA-Certified Professional: AI Operations 2025 TestPrep,0,1,null
6448581,TEAS Version 7 Exam MCQs PrepTest 2025,0,0,null
6765975,Certified International Property Specialist (CIPS),0,0,null
6468747,TIA-942 Certification 2025 PrepTest,0,0,null
6424067,EASA Module 2 Aircraft Maintenance Technician prep test,0,0,null
6767445,General Accredited Appraiser / GAA,0,0,null
6481597,Certified Water Efficiency Professional (CWEP) PrepTest,0,1,null
6360683,Certified Kubernetes Administrator (CKA) and  (CKAD): Exam,0,0,null
6384687,AWS Certified Solutions Architect Associate Practice Tests,0,0,null
6428415,Artificial Intelligence Professional (CAIP) Preptest 2025,0,0,null
6762025,ArcGIS API for Python Associate (2025-2026) Certification,0,0,null
6760361,Forklift and PIT Certification,0,0,null
6419141,Financial Risk Manager (FRM) certification Prep test,0,0,null
6807573,Certified Hotel Administrator (CHA) Prep Test,0,0,null
6779675,Vibe Coding ultimate certification prep,0,0,null
6474445,Certified Energy Manager (CEM) Exam Practice Test,0,1,null
6369857,Microsoft Python Certification Exam 98-281 and PCEP,0,0,null
6766039,Certified Real Estate Brokerage Manager (CRB),0,1,4.5
6404525,ACCA F5 Performance Management test,0,0,null
6406333,The NASM Certified Personal Trainer Exam,0,1,null
6371929,Master Privacy Management & Cybersecurity IAPP CIPPUS test,0,0,null
6434185,Abaqus Certified Analyst 2025 PrepTest,0,2,null
6751587,"PRSA's ""A New View of IMC"" Certificate",0,0,null
6449213,Certified Supply Chain Professional (CSCP) PrepTest 2025,0,0,null
6426935,"Tests Psychotechniques : mémoire, intelligence, Logique, etc",0,1,null
5945952,Maîtrise du piratage éthique et de l'intégration de l'IA,0,5,3.700637
6468713,Data Center Design Consultant (DCDC) PrepTest 2025,0,0,null
6494427,Razorpay Certified Payments Expert Practice Exam,0,0,null
6445003,CMX Community Management Certification 2025 PrepTest,0,0,null
6764753,GIAC Cyber Incident Leader (GCIL),0,3,null
6765105,Agriscience Foundations Certification prep,0,0,null
6433715,COMSOL Certified Simulation Engineer 2025 PrepTest,0,0,null
6358531,GIAC Certified Incident Handler Certification,0,2,null
6806925,Certified Functional Safety Expert (CFSE) Prep Test,0,0,null
6770367,Salesforce Certified Administrator Practice Exams (ADM 201),0,0,null
6614495,Data Center Design Consultant (DCDC) 2025 Certification Exam,0,8,null
6739609,Refonte Learning Prompt Engineering preptest,0,0,null
6435237,ICC Commercial Contractor License Exam 2025 PrepTest,0,0,null
6469955,Ethereum Certified Developer (ECD) 2025 PrepTest,0,0,null
6789683,ECFMG Certification preptest,0,0,null
6435147,Siemens NX CAD Certified Professional 2025 PrepTest,0,2,null
6423005,Certified Pharmacy Technician (CPhT) 2025 prep test,0,0,null
6416897,Certificación Oficial OpenStack COA,0,0,null
6736245,Diplomate of Canonical Chinese Medicine (DCCM),0,1,null
6451021,Databricks Certified Machine Learning Associate TestPrep,0,0,null
6435807,Real Estate Broker License 2025 PrepTest for Exam,0,1,null
6424031,EASA Module 1 Aircraft Maintenance Technician prep test,0,0,null
6746139,Georgia Tech Advanced Problem Solving Certificate preptest,0,0,null
6469575,Registered Communications Distribution Designer Preptest,1,2,null
6493611,Shopify Plus Certified High-Difficulty Practice Exam,0,0,null
6463899,Microsoft Sentinel Analyst | 2025 Certification Test Prep,0,0,null
6421097,Salesforce Certified Administrator Prep Exam 2025,0,0,null
6414439,Full Stack Django and React test prep,0,0,null
6750565,eJPT (eLearnSecurity Junior Penetration Tester),0,2,null
6435915,Certified Public Accountant (CPA) 2025 TestPrep,0,0,null
6438131,LabVIEW Certified Developer (CLD) 2025 PrepTest,0,1,null
6770653,ServSafe Food Protection Manager Certification Exam Prep,0,4,null
6748933,VCTA-Cloud Management & Automation (VCTA-CMA),0,0,null
6767921,ATD Associate Professional in Talent Development preptest,0,0,null
6418369,Kubernetes Security Specialist (CKS): Exam prep 2025,0,0,null
6773269,Oracle Fusion Cloud Supply Chain & Manufacturing Cert.,0,0,null
6746311,IMD Complex Problem Solving (FrED Framework),0,0,null
6362907,Certified OpenStack Administrator (COA) Exam Prep,0,3,4
6756357,ASME Quality Program for Suppliers (QPS),0,0,null
6738565,NCCCO Mobile Crane Operator (Telescopic Boom - Fixed Cab),0,0,null
6442529,Heimdal Certified Security Professional (HCSP) 2025 PrepTest,0,0,null
6435415,Certified Property Manager (CPM) 2025 PrepTest,0,0,null
6494493,BigCommerce Certified Partner Practice Exam,0,3,null
6462893,Splunk Certified Cybersecurity Defense Analyst PrepTest 2025,0,0,null
6488229,Dermatology (ABD) High-Difficulty Practice Exam,0,0,null
6492755,Odoo Certified ERP Implementation Specialist PrepTest,1,1,null
6455649,Certified Data Center Specialist (CDCS) 2025 PrepTest,1,4,null
6487275,Oncology (ONCC) High-Difficulty Practice Exam,0,2,null
6430661,Certified Software Development Professional (CSDP) preptest,0,0,null
6464707,Exabeam Certified Security Operations Professional TestPrep,0,0,null
6403979,Adobe Premiere Pro CC Adobe Certified Associate Exam Prep,0,1,null
6683045,OSHA 10-Hour Construction Safety: 2025 Certification Prep,0,3,null
5932766,Mastering Ethical Hacking and AI Integration,0,3,4.376623
6768179,Certified Marina Operator (CMO) preptest,0,0,null
6806763,Certified Industrial Hygienist (CIH) Prep Test,0,0,null
6690291,Certified Signalperson (NCCCO) 2025 Exam Prep,0,0,null
6423251,"First Aid, CPR and AED Instructor prep test 2025",0,0,null
5934528,Harnessing Hypersensitivity,0,1,5
6418299,Google Cloud Database Engineer Certification: Exam Prep 2025,0,0,null
6687597,Certified Rigger Level I (NCCCO),0,0,null
6355409,Azure Administrator Associate (AZ-104) Practice Exam,0,0,null
6804673,COBIT 5 Foundation Prep Test,0,0,null
6770765,Certified Water Treatment Operator Practice (Grades I-IV),0,0,null
6733629,NPLEX Part I Biomedical Science Examination,0,0,null
6694609,Hazardous Waste Operations (HAZWOPER 40-Hour),0,2,null
6763995,"eWPT hands-on, professional-level Red Team certification",0,0,null
6695251,Certified Lubrication Specialist (CLS) Exam Prep,0,3,4
6748451,Professional Engineer (PE) License Practice Test,0,3,null
6452101,D-Wave Quantum Programming Certification TestPrep 2025,0,0,null
6138191,Maestría en SIEM de Próxima Generación: Técnicas Avanzadas,0,3,3
6439971,ASE (Automotive Service Excellence) PrepTest 2025,0,0,null
5941036,Automation in Project Management with GenAI,2,18,3.0344322
6444071,Helium 10 Certified Expert 2025 prepTest,0,0,null
6424167,EASA Module 3 Aircraft Maintenance Technician prep test,0,0,null
6478737,Certified Data Center Auditor (CDCA) PrepTest 2025,0,2,null
6464595,Elastic Stack (ELK)  Certified Engineer 2025 PrepTest,0,0,null
6461533,Terraform Associate Certification +200 Exam TestPrep,0,0,null
6466211,IBM's Qiskit Certification TestPrep 2025,0,1,null
6493001,Close CRM Certified Sales Professional Practice Exam,0,0,null
6753047,OSHA 510 (Construction Industry Safety Standards),0,1,4.5
6775795,OSHA 1910.269 Qualified Worker (Power Generation) preptest,0,0,null
6763519,Practical Network Penetration Tester (PNPT),0,0,null
6418425,Ansible Certified Specialist in Advanced Automation preptest,0,0,null
6442375,Freshservice Expert Certification 2025 PrepTest,0,2,null
6465705,GIAC Security Operations Manager (GSOM) | 2025 Exam Prep,0,3,null
6422959,NHA Phlebotomy Exam 2025: Master the Test with Practice,0,2,null
6790385,Certified Systems Thinking Associate (CSTA) Preptest,0,0,null
6498673,COBOL Certification High-Difficulty Practice Exam,0,1,null
6478101,Advanced RAG Developer Certification PrepTest,1,1,null
6616367,OSHA 30-Hour Construction Safety Certification Exam,0,40,4.2295933
6737389,Direct Air Capture (DAC) training certification,0,0,null
6683197,Confined Space Entry Supervisor,0,0,null
6435747,KCNA 2025 Exam TestPrep Full-Stack Development Certification,0,1,null
6366229,CAPM In Depth:  Project Management Test,0,0,null
6431677,MATLAB Certified Associate 2025 PrepTest,0,0,null
6423287,MEDICAL BILLING AND CODING  2025 - test prep,0,0,null
6424803,ISO 9001 Certification Practice Exams,0,0,null
6764857,NCCER Construction Foreman Certification prep,0,0,null
6340409,Prospérer avec l’activité secondaire et les revenus passifs,0,0,null
6771823,SAP Ariba Sourcing & Procurement Practice Exams,0,0,null
6618431,ANSI/TIA-942 standards for data center design,0,1,null
5995750,Certified Reverse Engineering Analyst Certification test,0,0,null
6432953,CSWA 2025 Exam Prep: Guaranteed SolidWorks Certification,0,0,null
6481785,NASCLA Accredited Electrical TestPrep 2025,0,0,null
6771765,Workday HCM Core Concepts & Practice Exams,0,21,1
6444717,ServiceTitan Certified Administrator 2025 PrepTest,0,0,null
6685611,Fall Protection Competent Person: OSHA 1926-M Test Prep,0,0,null
6442461,NetSuite Certification: SuiteFoundation Exam Preparation,0,4,null
6474575,SAP Certified Development Associate - ABAP with SAP Exam,0,0,null
6778679,Certified Public Bookkeeper (CPB) preptest,0,0,null
6418815,NEBOSH HSE Certificate in Process Safety Management,0,9,3.5
6374397,CRISC MCQ Test Prep,0,0,null
6437907,ASE L3 Certification 2025 PrepTest,0,2,null
6174729,Maîtriser l'Écriture Créative avec l'IA Générative,0,11,4.307252
6435207,Autodesk Certified Professional (ACP) 2025 PrepTest,0,1,null
6398421,aPHR Associate Professional in Human Resources Certification,0,0,null
6765871,Accredited Land Consultant (ALC) Certification prep,0,0,null
6767561,RRC Certification: Luxury Homes Certification Prep,0,1,null
6371379,ITIL® 4 Certification Practice Test,0,0,null
6492083,"Notary Public,  Practice Exam become state-appointed",0,4,3.4500875
6463213,ArcSight Certified Security Analyst (ACSA) PrepTest 2025,0,0,null
6499047,Asana Certified Pro Practice Exam,0,1,null
6402741,Renewable energy devices and systems MATLAB and ANSYS test,0,1,null
6775819,NFPA 70E (Electrical Safety in the Workplace) preptest,0,0,null
6442415,HiBob HCM Administrator Certification 2025 PrepTest,0,0,null
6391229,NCLEX-RN Exam Prep,0,0,null
6416853,CompTIA Cloud+ Certificación 2025: Domina la Nube,0,0,null
6472025,OSHA 30-Hour Construction Safety Certification Exam Prep,0,2,null
6446677,Zoho CRM Certification preptest 2025,0,0,null
6446243,Sage 100 Certification preptest 2025,0,1,null
6764739,Cloud Security Architecture and Design (GCAD),0,3,null
6805001,North American Pharmacist Licensure Examination preptest,0,0,null
6770605,ISACA CISM Practice Exams,0,0,null
6804909,FastAPI Certification Prep Test,0,0,null
6766107,Certified Residential Specialist / CRS,0,0,null
6495067,TradeStation Trading Mastery Certification Practice Exam,0,0,null
6482255,Oracle Certified Associate (OCA) TestPrep 2025,0,0,null
6483315,Docker Certified Associate (DCA) Exam Prep 2025,0,0,null
6750663,ISO 9001:2015 (Quality Management Systems),0,0,null
6009740,Etik hacking ve yapay zeka entegrasyonunda ustalaşma,1,2,null
6400879,SHRM Society for Human Resource Management Complete test,0,3,null
6483777,Certified Data Professional (CDP) Practice Questions,1,2,null
6422509,Ace the CCS-P 2025: Physician Coding Exam Prep for 2025,0,2,null
6347335,Power BI Certification: Advanced Knowledge and Skills,0,0,null
6391997,CEHv12 Certification Prep: The Complete Practice test,0,0,null
6745069,CDL (Commercial Driver’s License) Exams,0,0,null
6770177,Mastering Requirements Engineering & Functional Analysis,0,0,null
6428509,Certified Blockchain Expert (CBE) preptest 2025,0,1,null
6462497,Siemens Certified Programmable Logic Controller Preptest,0,0,null
6400809,"NASCLA Contractors Exam Business, Law Project Management",1,10,5
6756055,ASME Boiler and Pressure Vessel (BPV) Certification,0,1,null
6806639,NACE CCT Exam Prep:  Corrosion Technician Certificate,0,0,null
5999010,Cyber Threat Intelligence Examen (en français),0,1,null
6753653,Finra series 7 - general securities representative,0,0,null
6738145,Advanced Botanical Medicine (Program-Specific Knowledge),0,0,null
6756757,GDTP (Y14.5) - Geometric Dimensioning and Tolerancing,0,0,null
6751549,ISO 27001 (Information Security Management),0,0,null
6592187,Conquer Sage 100 CRE Cert 2025: Hard Practice Exam,0,1,null
6420389,CBAP/CCBA Certified Business Analysis prep test 2025,0,0,null
6167985,Mastering Creative Writing with Generative AI,0,0,null
6761389,WNCC Medical Coding Certificate program,0,1,null
6474353,Professional Engineer (PE) License Practice Test,0,0,null
6492953,Adobe Marketo Engage Certified Expert PrepTest,0,4,1
6479851,Juniper Networks Certified Associate (JNCIA-Junos) PrepTest,0,0,null
6449649,Google Professional Machine Learning Engineer 2025 TestPrep,0,0,null
6433519,CATIA V5 Certified Professional 2025 PrepTest,0,0,null
6495119,Zerodha Certified Technical Analyst Practice Exam,0,0,null
6205771,Introducción a la Defensa de Redes Informáticas,0,0,null
6395599,Financial Risk Manager Test Bank,0,0,null
6485759,COMLEX-USA licensure osteopathic medicine ExamPrep,0,0,null
6474869,Microsoft Certified Dynamics 365 Finance and Supply Chain,0,0,null
6438155,STAR-CCM+ Certified Simulation Engineer 2025 TestPrep,0,5,1
6687531,Scaffolding Competent Person Certification,0,1,null
6758799,MongoDB Associate Developer,0,0,null
6698231,FABNO - Naturopathic Oncology,0,0,null
6703529,Knowledge of SIO Clinical Practice Guidelines,0,0,null
6480891,CCNP (Cisco Certified Network Professional) ExamPrep 2025,0,1,null
6486493,Pediatrics (ABP) High-Difficulty Practice Exam,0,0,null
6493779,WooCommerce Certified Developer Practice Exam,0,0,null
6789707,Professional DigitalMarketing + PCM AdvancedDigital preptest,0,0,null
6750619,Burp Suite Certified Practitioner (BSCP),0,1,null
6778209,Computer Science Fundamentals preptest 2025-26,0,0,null
6768075,Certified Marina Manager (CMM) preptest,0,0,null
6131753,Cyber Network Defense Quiz. 2025,0,1,null
6791065,Sitecore Content Management Training Certification preptest,0,0,null
6788137,ANAB-Accredited Food Handler certification preptest,0,0,null
6776389,SOLIDWORKS Certification  preptest,0,0,null
