code,percent,sku,start,end
AWS-DVA-00,10,AWS-DVA-001,2026-01-05,2026-02-04
AWS-DVA-00,10,AWS-DVA-001,2026-01-05,2026-02-04
AWS-DVA-00,10,AWS-DVA-001,2026-01-05,2026-02-04
AWS-DVA-00,10,AWS-DVA-001,2026-01-05,2026-02-04
AWS-DVA-00,10,AWS-DVA-001,2026-01-05,2026-02-04
AWS-DVA-00,10,AWS-DVA-001,2026-01-05,2026-02-04
AWS-DVA-00,10,AWS-DVA-001,2026-01-05,2026-02-04
AWS-DVA-00,10,AWS-DVA-001,2026-01-05,2026-02-04
AWS-DVA-00,10,AWS-DVA-001,2026-01-05,2026-02-04
AWS-DVA-00,10,AWS-DVA-001,2026-01-05,2026-02-04
AWS-DVA-00,10,AWS-DVA-001,2026-01-05,2026-02-04
AWS-DVA-00,10,AWS-DVA-001,2026-01-05,2026-02-04
AWS-SAA-00,10,AWS-SAA-001,2026-01-05,2026-02-04
AWS-SAA-00,10,AWS-SAA-001,2026-01-05,2026-02-04
AWS-SAA-00,10,AWS-SAA-001,2026-01-05,2026-02-04
AWS-SAA-00,10,AWS-SAA-001,2026-01-05,2026-02-04
AWS-SAA-00,10,AWS-SAA-001,2026-01-05,2026-02-04
AWS-SAA-00,10,AWS-SAA-001,2026-01-05,2026-02-04
AWS-SAA-00,10,AWS-SAA-001,2026-01-05,2026-02-04
AWS-SAA-00,10,AWS-SAA-001,2026-01-05,2026-02-04
AWS-SAA-00,10,AWS-SAA-001,2026-01-05,2026-02-04
AWS-SAA-00,10,AWS-SAA-001,2026-01-05,2026-02-04
AWS-SAA-00,10,AWS-SAA-001,2026-01-05,2026-02-04
AWS-SAA-00,10,AWS-SAA-001,2026-01-05,2026-02-04
AZ104-001-,10,AZ104-001,2026-01-05,2026-02-04
AZ104-001-,10,AZ104-001,2026-01-05,2026-02-04
AZ104-001-,10,AZ104-001,2026-01-05,2026-02-04
AZ104-001-,10,AZ104-001,2026-01-05,2026-02-04
AZ104-001-,10,AZ104-001,2026-01-05,2026-02-04
AZ104-001-,10,AZ104-001,2026-01-05,2026-02-04
AZ104-001-,10,AZ104-001,2026-01-05,2026-02-04
AZ104-001-,10,AZ104-001,2026-01-05,2026-02-04
AZ104-001-,10,AZ104-001,2026-01-05,2026-02-04
AZ104-001-,10,AZ104-001,2026-01-05,2026-02-04
AZ104-001-,10,AZ104-001,2026-01-05,2026-02-04
AZ104-001-,10,AZ104-001,2026-01-05,2026-02-04
AZ900-001-,10,AZ900-001,2026-01-05,2026-02-04
AZ900-001-,10,AZ900-001,2026-01-05,2026-02-04
AZ900-001-,10,AZ900-001,2026-01-05,2026-02-04
AZ900-001-,10,AZ900-001,2026-01-05,2026-02-04
AZ900-001-,10,AZ900-001,2026-01-05,2026-02-04
AZ900-001-,10,AZ900-001,2026-01-05,2026-02-04
AZ900-001-,10,AZ900-001,2026-01-05,2026-02-04
AZ900-001-,10,AZ900-001,2026-01-05,2026-02-04
AZ900-001-,10,AZ900-001,2026-01-05,2026-02-04
AZ900-001-,10,AZ900-001,2026-01-05,2026-02-04
AZ900-001-,10,AZ900-001,2026-01-05,2026-02-04
AZ900-001-,10,AZ900-001,2026-01-05,2026-02-04
CEH-12-001,10,CEH-12-001,2026-01-05,2026-02-04
CEH-12-001,10,CEH-12-001,2026-01-05,2026-02-04
CEH-12-001,10,CEH-12-001,2026-01-05,2026-02-04
CEH-12-001,10,CEH-12-001,2026-01-05,2026-02-04
CEH-12-001,10,CEH-12-001,2026-01-05,2026-02-04
CEH-12-001,10,CEH-12-001,2026-01-05,2026-02-04
CEH-12-001,10,CEH-12-001,2026-01-05,2026-02-04
CEH-12-001,10,CEH-12-001,2026-01-05,2026-02-04
CEH-12-001,10,CEH-12-001,2026-01-05,2026-02-04
CEH-12-001,10,CEH-12-001,2026-01-05,2026-02-04
CEH-12-001,10,CEH-12-001,2026-01-05,2026-02-04
CEH-12-001,10,CEH-12-001,2026-01-05,2026-02-04
CKA-001-0-,10,CKA-001,2026-01-05,2026-02-04
CKA-001-1-,10,CKA-001,2026-01-05,2026-02-04
CKA-001-2-,10,CKA-001,2026-01-05,2026-02-04
CKA-001-3-,10,CKA-001,2026-01-05,2026-02-04
CKA-001-4-,10,CKA-001,2026-01-05,2026-02-04
CKA-001-5-,10,CKA-001,2026-01-05,2026-02-04
CKA-001-6-,10,CKA-001,2026-01-05,2026-02-04
CKA-001-7-,10,CKA-001,2026-01-05,2026-02-04
CKA-001-8-,10,CKA-001,2026-01-05,2026-02-04
CKA-001-9-,10,CKA-001,2026-01-05,2026-02-04
CKA-001-10,10,CKA-001,2026-01-05,2026-02-04
CKA-001-11,10,CKA-001,2026-01-05,2026-02-04
CKAD-001-0,10,CKAD-001,2026-01-05,2026-02-04
CKAD-001-1,10,CKAD-001,2026-01-05,2026-02-04
CKAD-001-2,10,CKAD-001,2026-01-05,2026-02-04
CKAD-001-3,10,CKAD-001,2026-01-05,2026-02-04
CKAD-001-4,10,CKAD-001,2026-01-05,2026-02-04
CKAD-001-5,10,CKAD-001,2026-01-05,2026-02-04
CKAD-001-6,10,CKAD-001,2026-01-05,2026-02-04
CKAD-001-7,10,CKAD-001,2026-01-05,2026-02-04
CKAD-001-8,10,CKAD-001,2026-01-05,2026-02-04
CKAD-001-9,10,CKAD-001,2026-01-05,2026-02-04
CKAD-001-1,10,CKAD-001,2026-01-05,2026-02-04
CKAD-001-1,10,CKAD-001,2026-01-05,2026-02-04
CCNA-301-0,10,CCNA-301-001,2026-01-05,2026-02-04
CCNA-301-0,10,CCNA-301-001,2026-01-05,2026-02-04
CCNA-301-0,10,CCNA-301-001,2026-01-05,2026-02-04
CCNA-301-0,10,CCNA-301-001,2026-01-05,2026-02-04
CCNA-301-0,10,CCNA-301-001,2026-01-05,2026-02-04
CCNA-301-0,10,CCNA-301-001,2026-01-05,2026-02-04
CCNA-301-0,10,CCNA-301-001,2026-01-05,2026-02-04
CCNA-301-0,10,CCNA-301-001,2026-01-05,2026-02-04
CCNA-301-0,10,CCNA-301-001,2026-01-05,2026-02-04
CCNA-301-0,10,CCNA-301-001,2026-01-05,2026-02-04
CCNA-301-0,10,CCNA-301-001,2026-01-05,2026-02-04
CCNA-301-0,10,CCNA-301-001,2026-01-05,2026-02-04
CISSP-001-,10,CISSP-001,2026-01-05,2026-02-04
CISSP-001-,10,CISSP-001,2026-01-05,2026-02-04
CISSP-001-,10,CISSP-001,2026-01-05,2026-02-04
CISSP-001-,10,CISSP-001,2026-01-05,2026-02-04
CISSP-001-,10,CISSP-001,2026-01-05,2026-02-04
CISSP-001-,10,CISSP-001,2026-01-05,2026-02-04
CISSP-001-,10,CISSP-001,2026-01-05,2026-02-04
CISSP-001-,10,CISSP-001,2026-01-05,2026-02-04
CISSP-001-,10,CISSP-001,2026-01-05,2026-02-04
CISSP-001-,10,CISSP-001,2026-01-05,2026-02-04
CISSP-001-,10,CISSP-001,2026-01-05,2026-02-04
CISSP-001-,10,CISSP-001,2026-01-05,2026-02-04
APLUS-001-,10,APLUS-001,2026-01-05,2026-02-04
APLUS-001-,10,APLUS-001,2026-01-05,2026-02-04
APLUS-001-,10,APLUS-001,2026-01-05,2026-02-04
APLUS-001-,10,APLUS-001,2026-01-05,2026-02-04
APLUS-001-,10,APLUS-001,2026-01-05,2026-02-04
APLUS-001-,10,APLUS-001,2026-01-05,2026-02-04
APLUS-001-,10,APLUS-001,2026-01-05,2026-02-04
APLUS-001-,10,APLUS-001,2026-01-05,2026-02-04
APLUS-001-,10,APLUS-001,2026-01-05,2026-02-04
APLUS-001-,10,APLUS-001,2026-01-05,2026-02-04
APLUS-001-,10,APLUS-001,2026-01-05,2026-02-04
APLUS-001-,10,APLUS-001,2026-01-05,2026-02-04
NETPLUS-00,10,NETPLUS-001,2026-01-05,2026-02-04
NETPLUS-00,10,NETPLUS-001,2026-01-05,2026-02-04
NETPLUS-00,10,NETPLUS-001,2026-01-05,2026-02-04
NETPLUS-00,10,NETPLUS-001,2026-01-05,2026-02-04
NETPLUS-00,10,NETPLUS-001,2026-01-05,2026-02-04
NETPLUS-00,10,NETPLUS-001,2026-01-05,2026-02-04
NETPLUS-00,10,NETPLUS-001,2026-01-05,2026-02-04
NETPLUS-00,10,NETPLUS-001,2026-01-05,2026-02-04
NETPLUS-00,10,NETPLUS-001,2026-01-05,2026-02-04
NETPLUS-00,10,NETPLUS-001,2026-01-05,2026-02-04
NETPLUS-00,10,NETPLUS-001,2026-01-05,2026-02-04
NETPLUS-00,10,NETPLUS-001,2026-01-05,2026-02-04
SECPLUS-00,10,SECPLUS-001,2026-01-05,2026-02-04
SECPLUS-00,10,SECPLUS-001,2026-01-05,2026-02-04
SECPLUS-00,10,SECPLUS-001,2026-01-05,2026-02-04
SECPLUS-00,10,SECPLUS-001,2026-01-05,2026-02-04
SECPLUS-00,10,SECPLUS-001,2026-01-05,2026-02-04
SECPLUS-00,10,SECPLUS-001,2026-01-05,2026-02-04
SECPLUS-00,10,SECPLUS-001,2026-01-05,2026-02-04
SECPLUS-00,10,SECPLUS-001,2026-01-05,2026-02-04
SECPLUS-00,10,SECPLUS-001,2026-01-05,2026-02-04
SECPLUS-00,10,SECPLUS-001,2026-01-05,2026-02-04
SECPLUS-00,10,SECPLUS-001,2026-01-05,2026-02-04
SECPLUS-00,10,SECPLUS-001,2026-01-05,2026-02-04
AWS-DOP-00,10,AWS-DOP-001,2026-01-05,2026-02-04
AWS-DOP-00,10,AWS-DOP-001,2026-01-05,2026-02-04
AWS-DOP-00,10,AWS-DOP-001,2026-01-05,2026-02-04
AWS-DOP-00,10,AWS-DOP-001,2026-01-05,2026-02-04
AWS-DOP-00,10,AWS-DOP-001,2026-01-05,2026-02-04
AWS-DOP-00,10,AWS-DOP-001,2026-01-05,2026-02-04
AWS-DOP-00,10,AWS-DOP-001,2026-01-05,2026-02-04
AWS-DOP-00,10,AWS-DOP-001,2026-01-05,2026-02-04
AWS-DOP-00,10,AWS-DOP-001,2026-01-05,2026-02-04
AWS-DOP-00,10,AWS-DOP-001,2026-01-05,2026-02-04
AWS-DOP-00,10,AWS-DOP-001,2026-01-05,2026-02-04
AWS-DOP-00,10,AWS-DOP-001,2026-01-05,2026-02-04
GCP-ACE-00,10,GCP-ACE-001,2026-01-05,2026-02-04
GCP-ACE-00,10,GCP-ACE-001,2026-01-05,2026-02-04
GCP-ACE-00,10,GCP-ACE-001,2026-01-05,2026-02-04
GCP-ACE-00,10,GCP-ACE-001,2026-01-05,2026-02-04
GCP-ACE-00,10,GCP-ACE-001,2026-01-05,2026-02-04
GCP-ACE-00,10,GCP-ACE-001,2026-01-05,2026-02-04
GCP-ACE-00,10,GCP-ACE-001,2026-01-05,2026-02-04
GCP-ACE-00,10,GCP-ACE-001,2026-01-05,2026-02-04
GCP-ACE-00,10,GCP-ACE-001,2026-01-05,2026-02-04
GCP-ACE-00,10,GCP-ACE-001,2026-01-05,2026-02-04
GCP-ACE-00,10,GCP-ACE-001,2026-01-05,2026-02-04
GCP-ACE-00,10,GCP-ACE-001,2026-01-05,2026-02-04
ITIL4F-001,10,ITIL4F-001,2026-01-05,2026-02-04
ITIL4F-001,10,ITIL4F-001,2026-01-05,2026-02-04
ITIL4F-001,10,ITIL4F-001,2026-01-05,2026-02-04
ITIL4F-001,10,ITIL4F-001,2026-01-05,2026-02-04
ITIL4F-001,10,ITIL4F-001,2026-01-05,2026-02-04
ITIL4F-001,10,ITIL4F-001,2026-01-05,2026-02-04
ITIL4F-001,10,ITIL4F-001,2026-01-05,2026-02-04
ITIL4F-001,10,ITIL4F-001,2026-01-05,2026-02-04
ITIL4F-001,10,ITIL4F-001,2026-01-05,2026-02-04
ITIL4F-001,10,ITIL4F-001,2026-01-05,2026-02-04
ITIL4F-001,10,ITIL4F-001,2026-01-05,2026-02-04
ITIL4F-001,10,ITIL4F-001,2026-01-05,2026-02-04
PMP-001-0-,10,PMP-001,2026-01-05,2026-02-04
PMP-001-1-,10,PMP-001,2026-01-05,2026-02-04
PMP-001-2-,10,PMP-001,2026-01-05,2026-02-04
PMP-001-3-,10,PMP-001,2026-01-05,2026-02-04
PMP-001-4-,10,PMP-001,2026-01-05,2026-02-04
PMP-001-5-,10,PMP-001,2026-01-05,2026-02-04
PMP-001-6-,10,PMP-001,2026-01-05,2026-02-04
PMP-001-7-,10,PMP-001,2026-01-05,2026-02-04
PMP-001-8-,10,PMP-001,2026-01-05,2026-02-04
PMP-001-9-,10,PMP-001,2026-01-05,2026-02-04
PMP-001-10,10,PMP-001,2026-01-05,2026-02-04
PMP-001-11,10,PMP-001,2026-01-05,2026-02-04
PRINCE2F-0,10,PRINCE2F-001,2026-01-05,2026-02-04
PRINCE2F-0,10,PRINCE2F-001,2026-01-05,2026-02-04
PRINCE2F-0,10,PRINCE2F-001,2026-01-05,2026-02-04
PRINCE2F-0,10,PRINCE2F-001,2026-01-05,2026-02-04
PRINCE2F-0,10,PRINCE2F-001,2026-01-05,2026-02-04
PRINCE2F-0,10,PRINCE2F-001,2026-01-05,2026-02-04
PRINCE2F-0,10,PRINCE2F-001,2026-01-05,2026-02-04
PRINCE2F-0,10,PRINCE2F-001,2026-01-05,2026-02-04
PRINCE2F-0,10,PRINCE2F-001,2026-01-05,2026-02-04
PRINCE2F-0,10,PRINCE2F-001,2026-01-05,2026-02-04
PRINCE2F-0,10,PRINCE2F-001,2026-01-05,2026-02-04
PRINCE2F-0,10,PRINCE2F-001,2026-01-05,2026-02-04
SCRUM-SM-0,10,SCRUM-SM-001,2026-01-05,2026-02-04
SCRUM-SM-0,10,SCRUM-SM-001,2026-01-05,2026-02-04
SCRUM-SM-0,10,SCRUM-SM-001,2026-01-05,2026-02-04
SCRUM-SM-0,10,SCRUM-SM-001,2026-01-05,2026-02-04
SCRUM-SM-0,10,SCRUM-SM-001,2026-01-05,2026-02-04
SCRUM-SM-0,10,SCRUM-SM-001,2026-01-05,2026-02-04
SCRUM-SM-0,10,SCRUM-SM-001,2026-01-05,2026-02-04
SCRUM-SM-0,10,SCRUM-SM-001,2026-01-05,2026-02-04
SCRUM-SM-0,10,SCRUM-SM-001,2026-01-05,2026-02-04
SCRUM-SM-0,10,SCRUM-SM-001,2026-01-05,2026-02-04
SCRUM-SM-0,10,SCRUM-SM-001,2026-01-05,2026-02-04
SCRUM-SM-0,10,SCRUM-SM-001,2026-01-05,2026-02-04
TF-ASSOC-0,10,TF-ASSOC-001,2026-01-05,2026-02-04
TF-ASSOC-0,10,TF-ASSOC-001,2026-01-05,2026-02-04
TF-ASSOC-0,10,TF-ASSOC-001,2026-01-05,2026-02-04
TF-ASSOC-0,10,TF-ASSOC-001,2026-01-05,2026-02-04
TF-ASSOC-0,10,TF-ASSOC-001,2026-01-05,2026-02-04
TF-ASSOC-0,10,TF-ASSOC-001,2026-01-05,2026-02-04
TF-ASSOC-0,10,TF-ASSOC-001,2026-01-05,2026-02-04
TF-ASSOC-0,10,TF-ASSOC-001,2026-01-05,2026-02-04
TF-ASSOC-0,10,TF-ASSOC-001,2026-01-05,2026-02-04
TF-ASSOC-0,10,TF-ASSOC-001,2026-01-05,2026-02-04
TF-ASSOC-0,10,TF-ASSOC-001,2026-01-05,2026-02-04
TF-ASSOC-0,10,TF-ASSOC-001,2026-01-05,2026-02-04
