course_id,course_title,lecture_id,lecture_title,lecture_date_created,lecture_isPublished,asset_id,asset_title,asset_length,asset_type,asset_date_created
5932766,Mastering Ethical Hacking and AI Integration,43387494,Introduction to Ethical Hacking,2024-04-19,Yes,56064434,introduchigh.mp4,176,Video,2024-04-19
5932766,Mastering Ethical Hacking and AI Integration,43387466,Defining Ethical Hacking,2024-04-19,Yes,56070230,22221.mp4,115,Video,2024-04-19
5932766,Mastering Ethical Hacking and AI Integration,43387472,Importance of Ethical Hacking in Today's Digital World,2024-04-19,Yes,57030858,33331.mp4,109,Video,2024-06-05
5932766,Mastering Ethical Hacking and AI Integration,43387478,Setting Up Your Ethical Hacking Environment,2024-04-19,Yes,56066652,,538,Article,2024-04-19
5932766,Mastering Ethical Hacking and AI Integration,43414932,Linux Hands on,2024-04-21,Yes,56134868,introtolinux.mp4,2552,Video,2024-04-22
5932766,Mastering Ethical Hacking and AI Integration,43389316,Networking Essentials,2024-04-19,Yes,56252788,,348,Article,2024-04-28
5932766,Mastering Ethical Hacking and AI Integration,43388908,Overview of Operating System Security,2024-04-19,Yes,56067894,ssd.mp4,174,Video,2024-04-19
5932766,Mastering Ethical Hacking and AI Integration,46932317,OSI Model,2024-11-16,Yes,60702529,Networking Basics For Ethical Hackers_ The OSI Model (online-video-cutter.com).mp4,530,Video,2024-11-16
5932766,Mastering Ethical Hacking and AI Integration,43388916,Deep Dive into Penetration Testing,2024-04-19,Yes,56070010,4444.mp4,175,Video,2024-04-19
5932766,Mastering Ethical Hacking and AI Integration,43388918,Strategies for Vulnerability Assessment,2024-04-19,Yes,56071470,8888.mp4,286,Video,2024-04-19
5932766,Mastering Ethical Hacking and AI Integration,43388930,Role of AI in Enhancing Cybersecurity,2024-04-19,Yes,56070994,5555.mp4,298,Video,2024-04-19
5932766,Mastering Ethical Hacking and AI Integration,43518384,Revolutionizing Cybersecurity_ Machine Learning Tools for Ethical Hacking,2024-04-27,Yes,56236496,Revolutionizing Cybersecurity_ Machine Learning Tools for Ethical Hacking.mp4,315,Video,2024-04-27
5932766,Mastering Ethical Hacking and AI Integration,43561346,Hackergpt,2024-04-30,Yes,56290768,Hackergpt(1)..mp4,98,Video,2024-04-30
5932766,Mastering Ethical Hacking and AI Integration,43388936,Using Machine Learning for Threat Detection,2024-04-19,Yes,56071820,9999.mp4,362,Video,2024-04-19
5932766,Mastering Ethical Hacking and AI Integration,43515992,Analysis,2024-04-27,Yes,56233692,more.mp4,466,Video,2024-04-27
5932766,Mastering Ethical Hacking and AI Integration,43573600,BlackArch Linux,2024-04-30,Yes,56305932,blackarch.eng.mp4,208,Video,2024-04-30
5932766,Mastering Ethical Hacking and AI Integration,43388956,Certifications in Cybersecurity,2024-04-19,Yes,56241444,,694,Article,2024-04-27
5932766,Mastering Ethical Hacking and AI Integration,43388960,Building a Professional Network in Cybersecurity,2024-04-19,Yes,56071960,101010.mp4,293,Video,2024-04-19
5932766,Mastering Ethical Hacking and AI Integration,43388970,staying Updated with Emerging Technologies,2024-04-19,Yes,56072028,,517,Article,2024-04-19
5934528,Harnessing Hypersensitivity,43402876,Course Introduction,2024-04-20,Yes,56108278,intro(1)..mp4,94,Video,2024-04-21
5934528,Harnessing Hypersensitivity,43419468,Module 1: Introduction to Self-Discovery,2024-04-21,Yes,56107792,MyVideo1.mp4,260,Video,2024-04-21
5934528,Harnessing Hypersensitivity,43419472,Module 2: The Science of Hypersensitivity,2024-04-21,Yes,56107796,MyVideo2.mp4,254,Video,2024-04-21
5934528,Harnessing Hypersensitivity,43419480,Module 3: Key Psychological Theories,2024-04-21,Yes,56107800,MyVideo3.mp4,271,Video,2024-04-21
5934528,Harnessing Hypersensitivity,43419498,Module 4: Applying Psychological Theories,2024-04-21,Yes,56107808,MyVideo4.mp4,280,Video,2024-04-21
5934528,Harnessing Hypersensitivity,43419940,Module 5: Mindfulness and Cognitive Reframing,2024-04-21,Yes,56107846,m5.mp4,293,Video,2024-04-21
5934528,Harnessing Hypersensitivity,43419942,Module 6: Emotional Intelligence and Social Skills,2024-04-21,Yes,56107852,m6.mp4,313,Video,2024-04-21
5934528,Harnessing Hypersensitivity,43419946,Module 7: Effective Goal Setting,2024-04-21,Yes,56107856,Module7Ef.mp4,279,Video,2024-04-21
5934528,Harnessing Hypersensitivity,43419948,Module 8: Overcoming Social Anxiety and Hypersensitivity,2024-04-21,Yes,56107862,Module8Ov.mp4,282,Video,2024-04-21
5934528,Harnessing Hypersensitivity,43419950,Module 9: Integrating Learning into Daily Life,2024-04-21,Yes,56107870,Module9In.mp4,236,Video,2024-04-21
5934528,Harnessing Hypersensitivity,43419952,Module 10: The Future of Personal Growth,2024-04-21,Yes,56107874,Module10T.mp4,262,Video,2024-04-21
5934528,Harnessing Hypersensitivity,43419964,Summary and Key Takeaways,2024-04-21,Yes,56107886,CourseConcl.mp4,196,Video,2024-04-21
5934528,Harnessing Hypersensitivity,44943181,Bonus,2024-07-24,No,58085659,Chosen Ones 7 Clear Reasons Why People Stare At You].mp4,803,Video,2024-07-24
5937958,Thriving in the 2025 Side Hustle and Passive Income Landscap,43620040,Lesson 1: What is a Side Hustle? & Lesson 2: Types of Side Hustles,2024-05-03,Yes,56368480,Mastering Side Hustles_ From Basics to Income Boosting Strategies.mp4,577,Video,2024-05-03
5937958,Thriving in the 2025 Side Hustle and Passive Income Landscap,43620074,Lesson 3: Evaluating Your Potential & Lesson 4: The Gig Economy and Freelancing,2024-05-03,Yes,56368522,Mastering Side Hustles_ Choosing Between Passive and Active Income.mp4,563,Video,2024-05-03
5937958,Thriving in the 2025 Side Hustle and Passive Income Landscap,43620084,Lesson 5: The Rise of Passive Income & Lesson 6: Choosing the Right Side Hustle,2024-05-03,Yes,56368516,Mastering Passive Income_ Essential Guide to Side Hustles.mp4,556,Video,2024-05-03
5937958,Thriving in the 2025 Side Hustle and Passive Income Landscap,43620090,Conclusion of Module 1,2024-05-03,Yes,56368502,Mastering Your Side Hustle_ A Comprehensive Guide.mp4,243,Video,2024-05-03
5937958,Thriving in the 2025 Side Hustle and Passive Income Landscap,43620102,Lesson 1: Understanding Niches& Lesson 2: Identifying Your Skills and Passions,2024-05-03,Yes,56368534,Mastering Niches for Side Hustles_ A Step-by-Step Guide.mp4,512,Video,2024-05-03
5937958,Thriving in the 2025 Side Hustle and Passive Income Landscap,43620108,Lesson 3: Researching Market Demand & Lesson 4: Evaluating Profitability,2024-05-03,Yes,56368564,Mastering Market Research & Profitability for Your Side Hustle _ Lesson 3 & 4.mp4,524,Video,2024-05-03
5937958,Thriving in the 2025 Side Hustle and Passive Income Landscap,43620128,Lesson 5: Choosing Your Niche & Conclusion of Module 2,2024-05-03,Yes,56368634,How to Choose the Perfect Niche for Your Side Hustle _ Lesson 5.mp4,449,Video,2024-05-03
5937958,Thriving in the 2025 Side Hustle and Passive Income Landscap,43621090,Lesson 1: Fundamentals of Market Research & Lesson 2: Analyzing Your Target Mark,2024-05-03,Yes,56370340,Scaling Your Side Hustle_ Operational & Financial Management Strategies.mp4,518,Video,2024-05-03
5937958,Thriving in the 2025 Side Hustle and Passive Income Landscap,43621094,Lesson 3: Competitive Analysis & Lesson 4: Developing a Marketing Strategy,2024-05-03,Yes,56370350,Master Time Management & Boundary Setting for Side Hustles _ Lesson 1 & 2.mp4,386,Video,2024-05-03
5937958,Thriving in the 2025 Side Hustle and Passive Income Landscap,43621098,Conclusion of Module 3: Market Research and Strategy,2024-05-03,Yes,56370382,Scaling Your Side Hustle_ Measuring Success and Strategic Adjustments.mp4,485,Video,2024-05-03
5937958,Thriving in the 2025 Side Hustle and Passive Income Landscap,43621100,Lesson 1: Components of a Business Plan & Lesson 2: Writing Your Business Plan,2024-05-03,Yes,56370370,Boost Your Side Hustle_ Mastering Operational Efficiency.mp4,414,Video,2024-05-03
5937958,Thriving in the 2025 Side Hustle and Passive Income Landscap,43621104,Lesson 3: Implementing Your Business Plan & Conclusion of Module 4,2024-05-03,Yes,56384816,Mastering Market Research_ Wrap-Up of Module 3 for Your Side Hustle.mp4,240,Video,2024-05-04
5937958,Thriving in the 2025 Side Hustle and Passive Income Landscap,43621110,Lesson 1: Final Preparations Before Launch & Lesson 2: Building Your Brand,2024-05-03,Yes,56384828,Mastering Business Plans_ From Basics to Writing _ Entrepreneur's Guide.mp4,559,Video,2024-05-04
5937958,Thriving in the 2025 Side Hustle and Passive Income Landscap,43621116,Lesson 3: Operational Setup and Supply Chain Management & Lesson 4,2024-05-03,Yes,56384840,Implementing Your Business Plan_ A Step-by-Step Guide.mp4,347,Video,2024-05-04
5937958,Thriving in the 2025 Side Hustle and Passive Income Landscap,43621120,Lesson 5: Monitoring and Adjusting Post-Launch & Conclusion of Module 5,2024-05-03,Yes,56384870,Launch Your Side Hustle_ Essential Steps for Success.mp4,513,Video,2024-05-04
5937958,Thriving in the 2025 Side Hustle and Passive Income Landscap,43621122,Lesson 1: Advanced Marketing Strategies & Lesson 2: Customer Retention Technique,2024-05-03,Yes,56384912,Mastering Your Side Hustle_ Operations and Launch Guide.mp4,502,Video,2024-05-04
5937958,Thriving in the 2025 Side Hustle and Passive Income Landscap,43621128,Lesson 3: Operational Scaling & Lesson 4: Financial Management for Growth,2024-05-03,Yes,56384908,Mastering Post-Launch_ Monitoring & Adjusting Your Side Hustle for Success.mp4,348,Video,2024-05-04
5937958,Thriving in the 2025 Side Hustle and Passive Income Landscap,43621130,Lesson 5: Measuring Success and Making Adjustments & Conclusion of Module 6,2024-05-03,Yes,56384936,Advanced Marketing & Customer Retention Strategies for Your Side Hustle _ Full Guide.mp4,524,Video,2024-05-04
5937958,Thriving in the 2025 Side Hustle and Passive Income Landscap,43621136,Lesson 1: Time Management Techniques & Lesson 2: Setting Boundaries,2024-05-03,Yes,56384944,Scaling Your Side Hustle_ Operational & Financial Management Strategies.mp4,518,Video,2024-05-04
5937958,Thriving in the 2025 Side Hustle and Passive Income Landscap,43621140,Lesson 3: Using Technology to Enhance Efficiency & Lesson 4,2024-05-03,Yes,56384940,Master Time Management & Boundary Setting for Side Hustles _ Lesson 1 & 2.mp4,386,Video,2024-05-04
5937958,Thriving in the 2025 Side Hustle and Passive Income Landscap,43621144,Conclusion of Module 7: Balancing Your Side Hustle,2024-05-03,Yes,56384958,Scaling Your Side Hustle_ Measuring Success and Strategic Adjustments.mp4,485,Video,2024-05-04
5937958,Thriving in the 2025 Side Hustle and Passive Income Landscap,43621146,Lesson 1: Sustaining Business Growth & Lesson 2: Enhancing Customer Relationship,2024-05-03,Yes,56384948,Mastering Your Side Hustle_ Module 7 Conclusion.mp4,235,Video,2024-05-04
5937958,Thriving in the 2025 Side Hustle and Passive Income Landscap,43621148,Lesson 3: Leveraging Data for Strategic Decisions & Lesson 4,2024-05-03,Yes,56384962,Boost Your Side Hustle_ Tech Tips & Health Strategies _ Lesson 3 & 4.mp4,415,Video,2024-05-04
5937958,Thriving in the 2025 Side Hustle and Passive Income Landscap,43621150,Conclusion of Module 8: Long-Term Management and Growth,2024-05-03,Yes,56384964,Boost Your Side Hustle_ Mastering Operational Efficiency.mp4,414,Video,2024-05-04
5941036,Automation in Project Management with GenAI,43472672,Introduction to GenAI in Project Management,2024-04-24,Yes,56175128,PM1.mp4,238,Video,2024-04-24
5941036,Automation in Project Management with GenAI,43472774,Identifying Automation Opportunities,2024-04-24,Yes,56175146,PM2.mp4,254,Video,2024-04-24
5941036,Automation in Project Management with GenAI,43472782,Tools and Technologies,2024-04-24,Yes,56175152,PM3.mp4,252,Video,2024-04-24
5941036,Automation in Project Management with GenAI,43472810,Implementation Strategies,2024-04-24,Yes,56175134,PM4.mp4,230,Video,2024-04-24
5941036,Automation in Project Management with GenAI,43472814,Performance Monitoring,2024-04-24,Yes,56175162,PM5.mp4,206,Video,2024-04-24
5941036,Automation in Project Management with GenAI,43472818,Ethical and Compliance Issues,2024-04-24,Yes,56175170,PM6.mp4,217,Video,2024-04-24
5941036,Automation in Project Management with GenAI,43474072,7 Tools demonstration,2024-04-24,Yes,56183638,Final.mp4,743,Video,2024-04-24
5941036,Automation in Project Management with GenAI,46076881,7 Best AI Document Management Software Systems,2024-09-29,Yes,59565335,7 Best AI Document Management Software Systems 2024 -vmake (1).mp4,907,Video,2024-09-29
5941036,Automation in Project Management with GenAI,43474136,conclusion,2024-04-24,Yes,56183554,concl1.mp4,223,Video,2024-04-24
5941036,Automation in Project Management with GenAI,43479204,invitation,2024-04-24,Yes,56183556,invit.mp4,248,Video,2024-04-24
5945952,Maîtrise du piratage éthique et de l'intégration de l'IA,43520170,Introduction to Ethical Hacking,2024-04-27,Yes,56238568,Master Ethical Hacking & AI Integration - A Comprehensive Udemy Course.mp4,267,Video,2024-04-27
5945952,Maîtrise du piratage éthique et de l'intégration de l'IA,43520410,Définition du piratage éthique,2024-04-27,Yes,56241354,Revolutionizing Cybersecurity_ Machine Learning Tools for Ethical Hacking.mp4,315,Video,2024-04-27
5945952,Maîtrise du piratage éthique et de l'intégration de l'IA,43520730,Importance du piratage éthique dans le monde numérique d'aujourd'hui,2024-04-27,Yes,56242182,Mastering Ethical Hacking_ Legal and Ethical Essentials.mp4,191,Video,2024-04-27
5945952,Maîtrise du piratage éthique et de l'intégration de l'IA,43520788,Mise en place de votre environnement de piratage éthique,2024-04-27,Yes,56241380,,713,Article,2024-04-27
5945952,Maîtrise du piratage éthique et de l'intégration de l'IA,43522548,Linux Hands on,2024-04-27,Yes,56252068,linuxhandsonfr.mp4,1161,Video,2024-04-28
5945952,Maîtrise du piratage éthique et de l'intégration de l'IA,43520814,Essentiels du réseau,2024-04-27,Yes,56252780,,395,Article,2024-04-28
5945952,Maîtrise du piratage éthique et de l'intégration de l'IA,43520822,Vue d'ensemble de la sécurité des systèmes d'exploitation,2024-04-27,Yes,56252792,Maîtriser le Modèle OSI _ Structure et Applications en Cybersécurité.mp4,676,Video,2024-04-28
5945952,Maîtrise du piratage éthique et de l'intégration de l'IA,43520844,Plongée approfondie dans les tests de pénétration,2024-04-27,Yes,56252958,Deep Dive into Penetration Testing_ A Complete Guide.mp4,537,Video,2024-04-28
5945952,Maîtrise du piratage éthique et de l'intégration de l'IA,43520850,Stratégies pour l'évaluation des vulnérabilités,2024-04-27,Yes,56253214,AI in Ethical Hacking_ Revolutionizing Cybersecurity.mp4,557,Video,2024-04-28
5945952,Maîtrise du piratage éthique et de l'intégration de l'IA,43522376,Rôle de l'IA dans l'amélioration de la cybersécurité,2024-04-27,No,56890552,AI in Ethical Hacking_ Revolutionizing Cybersecurity.mp4,557,Video,2024-05-29
5945952,Maîtrise du piratage éthique et de l'intégration de l'IA,43522378,Utilisation de l'apprentissage automatique pour la détection des menaces,2024-04-27,Yes,56258954,Enhancing Cybersecurity with Machine Learning_ A Deep Dive into Threat Detection (1).mp4,570,Video,2024-04-28
5945952,Maîtrise du piratage éthique et de l'intégration de l'IA,43522384,Analyse,2024-04-27,Yes,56258696,Navigating Cybersecurity_ Challenges and Innovations in the Digital Age.mp4,325,Video,2024-04-28
5945952,Maîtrise du piratage éthique et de l'intégration de l'IA,43561394,HackerGPT,2024-04-30,Yes,56290854,Hackergptfr.mp4,106,Video,2024-04-30
5945952,Maîtrise du piratage éthique et de l'intégration de l'IA,43573636,BlackArch Linux,2024-04-30,Yes,56306028,blackarch.fr.mp4,208,Video,2024-04-30
5945952,Maîtrise du piratage éthique et de l'intégration de l'IA,43522388,Certifications en cybersécurité,2024-04-27,Yes,56241450,,806,Article,2024-04-27
5945952,Maîtrise du piratage éthique et de l'intégration de l'IA,43522392,Construction d'un réseau professionnel en cybersécurité,2024-04-27,Yes,56257676,Mastering Networking in Cybersecurity_ Unlock Career Opportunities.mp4,427,Video,2024-04-28
5945952,Maîtrise du piratage éthique et de l'intégration de l'IA,43522394,Restez à jour avec les technologies émergentes,2024-04-27,Yes,56257672,,667,Article,2024-04-28
5966608,Next-Gen SIEM Mastery: Advanced Techniques,43724210,Introduction to Next-Gen SIEM,2024-05-10,Yes,56506672,Mastering SIEM_ Real-Time Monitoring & Alerts Setup Guide.mp4,565,Video,2024-05-10
5966608,Next-Gen SIEM Mastery: Advanced Techniques,43724224,Setting Up Your SIEM Environment,2024-05-10,Yes,56506664,Comprehensive Guide to Setting Up a Next-Gen SIEM System.mp4,615,Video,2024-05-10
5966608,Next-Gen SIEM Mastery: Advanced Techniques,43724230,Real-Time Monitoring and Alerts,2024-05-10,Yes,56506734,Next-Generation SIEM_ The Future of Cybersecurity.mp4,509,Video,2024-05-10
5966608,Next-Gen SIEM Mastery: Advanced Techniques,43724234,Advanced Analytics and Threat Detection,2024-05-10,Yes,56506686,Incident Response & Recovery_ A Comprehensive Guide for Professionals.mp4,582,Video,2024-05-10
5966608,Next-Gen SIEM Mastery: Advanced Techniques,43724242,Incident Response and Recovery,2024-05-10,Yes,56506688,Incident Response & Recovery_ A Comprehensive Guide for Professionals.mp4,582,Video,2024-05-10
5966608,Next-Gen SIEM Mastery: Advanced Techniques,43724244,Integration and Automation,2024-05-10,Yes,56506694,Enhancing Cybersecurity_ Integration & Automation Explained.mp4,501,Video,2024-05-10
5966608,Next-Gen SIEM Mastery: Advanced Techniques,43724250,Maintaining and Scaling SIEM Solutions,2024-05-10,Yes,56506706,Advanced SIEM Analytics for Enhanced Cybersecurity _ Part 1.mp4,567,Video,2024-05-10
5966608,Next-Gen SIEM Mastery: Advanced Techniques,45452623,Top 10 SIEM tools,2024-08-23,Yes,58759465,,2175,Article,2024-08-23
5966608,Next-Gen SIEM Mastery: Advanced Techniques,45452931,Choosing the right SIEM,2024-08-23,Yes,58759795,top5SIEM.mp4,200,Video,2024-08-23
5966608,Next-Gen SIEM Mastery: Advanced Techniques,46076985,5 Best Vulnerability Management Software Tools to Secure Your Network,2024-09-29,Yes,59565685,reviewed.mp4,591,Video,2024-09-29
5966608,Next-Gen SIEM Mastery: Advanced Techniques,47929209,Wazuh installation,2025-01-08,Yes,62009409,wazuhtut.mp4,487,Video,2025-01-09
5966608,Next-Gen SIEM Mastery: Advanced Techniques,43724258,Future Trends in SIEM Technology,2024-05-10,Yes,56506724,Exploring the Future of SIEM Technology - Key Trends and Innovations.mp4,542,Video,2024-05-10
5966608,Next-Gen SIEM Mastery: Advanced Techniques,51934567,Falcon Cloud Security - Proactive Security,2025-08-12,Yes,67363261,Falcon Cloud Security - Proactive Security.mp4,331,Video,2025-08-12
6001160,Exploiter l'hypersensibilité,44053164,Introduction,2024-05-31,Yes,56927246,1.4 (10).mp4,93,Video,2024-05-31
6001160,Exploiter l'hypersensibilité,44053270,Module 1 : Introduction à la découverte de soi,2024-05-31,Yes,56930972,1.4 (12).mp4,269,Video,2024-05-31
6001160,Exploiter l'hypersensibilité,44053336,Module 2 : La science de l'hypersensibilité,2024-05-31,Yes,56927354,2.7.mp4,254,Video,2024-05-31
6001160,Exploiter l'hypersensibilité,44053534,Module 3 : Principales théories psychologiques,2024-05-31,Yes,56927614,1.9.mp4,279,Video,2024-05-31
6001160,Exploiter l'hypersensibilité,44053546,Module 4 : Application des théories psychologiques,2024-05-31,Yes,56927632,1.6.mp4,285,Video,2024-05-31
6001160,Exploiter l'hypersensibilité,44053620,Module 5 : Pleine conscience et recadrage cognitif,2024-05-31,Yes,56931022,1.4 (4).mp4,301,Video,2024-05-31
6001160,Exploiter l'hypersensibilité,44053622,Module 6 : Intelligence émotionnelle et compétences sociales,2024-05-31,Yes,56931044,1.4 (5).mp4,329,Video,2024-05-31
6001160,Exploiter l'hypersensibilité,44055986,Module 7 : Fixation d'objectifs efficace,2024-05-31,Yes,56931122,1.4 (13).mp4,304,Video,2024-05-31
6001160,Exploiter l'hypersensibilité,44055992,Module 8 : Surmonter l'anxiété sociale et l'hypersensibilité,2024-05-31,Yes,56931124,1.4 (14).mp4,302,Video,2024-05-31
6001160,Exploiter l'hypersensibilité,44056006,Module 9 : Intégrer les apprentissages dans la vie quotidienne,2024-05-31,Yes,56931130,1.4 (15).mp4,251,Video,2024-05-31
6001160,Exploiter l'hypersensibilité,44056018,Module 10 : L'avenir du développement personnel,2024-05-31,Yes,56931142,1.4 (16).mp4,287,Video,2024-05-31
6001160,Exploiter l'hypersensibilité,44056034,Résumé et points clés,2024-05-31,Yes,56931504,1.6 (1).mp4,198,Video,2024-05-31
6009740,Etik hacking ve yapay zeka entegrasyonunda ustalaşma,44140604,Introduction,2024-06-05,Yes,57041428,1.4 (20).mp4,199,Video,2024-06-05
6009740,Etik hacking ve yapay zeka entegrasyonunda ustalaşma,44140620,Defining Ethical Hacking,2024-06-05,Yes,57041440,1.4 (21).mp4,138,Video,2024-06-05
6009740,Etik hacking ve yapay zeka entegrasyonunda ustalaşma,44140630,Importance of Ethical Hacking in Today's Digital World,2024-06-05,Yes,57041462,1.6 (3).mp4,122,Video,2024-06-05
6009740,Etik hacking ve yapay zeka entegrasyonunda ustalaşma,44147318,Setting Up Your Ethical Hacking Environment,2024-06-06,Yes,57048852,,479,Article,2024-06-06
6009740,Etik hacking ve yapay zeka entegrasyonunda ustalaşma,44147554,Linux Hands on,2024-06-06,Yes,57059600,1.5 (1).mp4,2551,Video,2024-06-06
6009740,Etik hacking ve yapay zeka entegrasyonunda ustalaşma,44140664,Networking Essentials,2024-06-05,Yes,57049142,,293,Article,2024-06-06
6009740,Etik hacking ve yapay zeka entegrasyonunda ustalaşma,44140676,Overview of Operating System Security,2024-06-05,Yes,57192850,1.9 (3).mp4,198,Video,2024-06-13
6009740,Etik hacking ve yapay zeka entegrasyonunda ustalaşma,44140686,Deep Dive into Penetration Testing,2024-06-05,Yes,57041498,1.4 (22).mp4,205,Video,2024-06-05
6009740,Etik hacking ve yapay zeka entegrasyonunda ustalaşma,44140688,Strategies for Vulnerability Assessment,2024-06-05,Yes,57041512,1.4 (23).mp4,317,Video,2024-06-05
6009740,Etik hacking ve yapay zeka entegrasyonunda ustalaşma,44140700,Role of AI in Enhancing Cybersecurity,2024-06-05,Yes,57041556,1.4 (24).mp4,347,Video,2024-06-05
6009740,Etik hacking ve yapay zeka entegrasyonunda ustalaşma,44140702,Using Machine Learning for Threat Detection,2024-06-05,Yes,57041594,1.4 (25).mp4,391,Video,2024-06-05
6009740,Etik hacking ve yapay zeka entegrasyonunda ustalaşma,44140704,Analysis,2024-06-05,Yes,57060614,1.8.mp4,466,Video,2024-06-06
6009740,Etik hacking ve yapay zeka entegrasyonunda ustalaşma,44140710,Revolutionizing Cybersecurity_ Machine Learning Tools for Ethical Hacking,2024-06-05,Yes,57146896,1.6 (5).mp4,315,Video,2024-06-11
6009740,Etik hacking ve yapay zeka entegrasyonunda ustalaşma,44140718,Hackergpt,2024-06-05,Yes,57146318,Hackergpt(1)..mp4,98,Video,2024-06-11
6009740,Etik hacking ve yapay zeka entegrasyonunda ustalaşma,44140724,BlackArch Linux,2024-06-05,Yes,57146332,blackarch.eng.mp4,208,Video,2024-06-11
6009740,Etik hacking ve yapay zeka entegrasyonunda ustalaşma,44140742,Certifications in Cybersecurity,2024-06-05,Yes,57049230,,468,Article,2024-06-06
6009740,Etik hacking ve yapay zeka entegrasyonunda ustalaşma,44140752,Building a Professional Network in Cybersecurity,2024-06-05,Yes,57324332,1.4 (31).mp4,332,Video,2024-06-19
6033612,Dominar la Integración de Hacking Ético y IA,44370852,Introduction to Ethical Hacking,2024-06-20,Yes,57336434,2.1.mp4,200,Video,2024-06-20
6033612,Dominar la Integración de Hacking Ético y IA,44370894,Defining Ethical Hacking,2024-06-20,Yes,57336436,1.8 (1).mp4,130,Video,2024-06-20
6033612,Dominar la Integración de Hacking Ético y IA,44370896,Importance of Ethical Hacking in Today's Digital World,2024-06-20,Yes,57336642,1.9 (4).mp4,122,Video,2024-06-20
6033612,Dominar la Integración de Hacking Ético y IA,44370898,Setting Up Your Ethical Hacking Environment,2024-06-20,Yes,57727655,,619,Article,2024-07-07
6033612,Dominar la Integración de Hacking Ético y IA,44370902,Linux Hands on,2024-06-20,Yes,57720215,1.4 (34).mp4,2551,Video,2024-07-06
6033612,Dominar la Integración de Hacking Ético y IA,44370910,Networking Essentials,2024-06-20,Yes,57728509,,407,Article,2024-07-07
6033612,Dominar la Integración de Hacking Ético y IA,44370916,Overview of Operating System Security,2024-06-20,Yes,57726445,1.4 (35).mp4,196,Video,2024-07-07
6033612,Dominar la Integración de Hacking Ético y IA,44370920,Deep Dive into Penetration Testing,2024-06-20,Yes,57726437,1.4 (36).mp4,201,Video,2024-07-07
6033612,Dominar la Integración de Hacking Ético y IA,44370930,Strategies for Vulnerability Assessment,2024-06-20,Yes,57726659,1.4 (37).mp4,323,Video,2024-07-07
6033612,Dominar la Integración de Hacking Ético y IA,44370936,Role of AI in Enhancing Cybersecurity,2024-06-20,Yes,57726957,1.4 (38).mp4,368,Video,2024-07-07
6033612,Dominar la Integración de Hacking Ético y IA,44370938,Using Machine Learning for Threat Detection,2024-06-20,Yes,57727207,1.4 (40).mp4,439,Video,2024-07-07
6033612,Dominar la Integración de Hacking Ético y IA,44370942,Analysis,2024-06-20,Yes,57727553,1.4 (41).mp4,493,Video,2024-07-07
6033612,Dominar la Integración de Hacking Ético y IA,44370946,Revolutionizing Cybersecurity_ Machine Learning Tools for Ethical Hacking,2024-06-20,Yes,57728459,1.5 (2).mp4,315,Video,2024-07-07
6033612,Dominar la Integración de Hacking Ético y IA,44370950,Hackergpt,2024-06-20,Yes,57727567,Hackergpt(1)..mp4,98,Video,2024-07-07
6033612,Dominar la Integración de Hacking Ético y IA,44370952,BlackArch Linux,2024-06-20,Yes,57727579,blackarch.eng.mp4,208,Video,2024-07-07
6033612,Dominar la Integración de Hacking Ético y IA,44370958,Certifications in Cybersecurity,2024-06-20,Yes,57728009,,826,Article,2024-07-07
6033612,Dominar la Integración de Hacking Ético y IA,44370968,Building a Professional Network in Cybersecurity,2024-06-20,Yes,57727719,1.4 (42).mp4,379,Video,2024-07-07
6033612,Dominar la Integración de Hacking Ético y IA,44370972,staying Updated with Emerging Technologies,2024-06-20,Yes,57727705,,651,Article,2024-07-07
6064519,Menguasai Peretasan Etis dan Integrasi AI,44687811,Introduction to Ethical Hacking,2024-07-08,Yes,57753571,1.4 (44).mp4,192,Video,2024-07-08
6064519,Menguasai Peretasan Etis dan Integrasi AI,44687831,Defining Ethical Hacking,2024-07-08,Yes,57753583,1.4 (45).mp4,128,Video,2024-07-08
6064519,Menguasai Peretasan Etis dan Integrasi AI,44687843,Importance of Ethical Hacking in Today's Digital World,2024-07-08,Yes,57753589,1.4 (46).mp4,121,Video,2024-07-08
6064519,Menguasai Peretasan Etis dan Integrasi AI,44687851,Setting Up Your Ethical Hacking Environment,2024-07-08,Yes,57778577,,531,Article,2024-07-09
6064519,Menguasai Peretasan Etis dan Integrasi AI,44687871,Linux Hands on,2024-07-08,Yes,57753691,1.4 (47).mp4,2551,Video,2024-07-08
6064519,Menguasai Peretasan Etis dan Integrasi AI,44687885,Networking Essentials,2024-07-08,Yes,57778513,,310,Article,2024-07-09
6064519,Menguasai Peretasan Etis dan Integrasi AI,44687901,Overview of Operating System Security,2024-07-08,Yes,57753615,1.4 (48).mp4,180,Video,2024-07-08
6064519,Menguasai Peretasan Etis dan Integrasi AI,44687931,Deep Dive into Penetration Testing,2024-07-08,Yes,57753619,1.4 (49).mp4,194,Video,2024-07-08
6064519,Menguasai Peretasan Etis dan Integrasi AI,44687939,Strategies for Vulnerability Assessment,2024-07-08,Yes,57753637,1.4 (50).mp4,296,Video,2024-07-08
6064519,Menguasai Peretasan Etis dan Integrasi AI,44687963,Using Machine Learning for Threat Detection,2024-07-08,Yes,57753699,1.8 (2).mp4,298,Video,2024-07-08
6064519,Menguasai Peretasan Etis dan Integrasi AI,44687973,Analysis,2024-07-08,Yes,57753729,1.4 (51).mp4,361,Video,2024-07-08
6064519,Menguasai Peretasan Etis dan Integrasi AI,44687981,Revolutionizing Cybersecurity_ Machine Learning Tools for Ethical Hacking,2024-07-08,Yes,57753717,1.5 (3).mp4,315,Video,2024-07-08
6064519,Menguasai Peretasan Etis dan Integrasi AI,44688005,Hackergpt,2024-07-08,Yes,57753707,Hackergpt(1)..mp4,98,Video,2024-07-08
6064519,Menguasai Peretasan Etis dan Integrasi AI,44688017,BlackArch Linux,2024-07-08,Yes,57753721,blackarch.eng.mp4,208,Video,2024-07-08
6064519,Menguasai Peretasan Etis dan Integrasi AI,44688035,Certifications in Cybersecurity,2024-07-08,Yes,57778403,,691,Article,2024-07-09
6064519,Menguasai Peretasan Etis dan Integrasi AI,44688041,Building a Professional Network in Cybersecurity,2024-07-08,Yes,57753681,1.4 (53).mp4,293,Video,2024-07-08
6064519,Menguasai Peretasan Etis dan Integrasi AI,44688067,staying Updated with Emerging Technologies,2024-07-08,Yes,57778319,,529,Article,2024-07-09
6109267,تسلط بر هک اخلاقی و یکپارچه‌سازی هوش مصنوعی,45117555,Introduction to Ethical Hacking,2024-08-04,Yes,58318787,1.4 (55).mp4,198,Video,2024-08-04
6109267,تسلط بر هک اخلاقی و یکپارچه‌سازی هوش مصنوعی,45117561,Defining Ethical Hacking,2024-08-04,Yes,58318793,1.4 (56).mp4,138,Video,2024-08-04
6109267,تسلط بر هک اخلاقی و یکپارچه‌سازی هوش مصنوعی,45117567,Importance of Ethical Hacking in Today's Digital World,2024-08-04,Yes,58318819,1.4 (57).mp4,127,Video,2024-08-04
6109267,تسلط بر هک اخلاقی و یکپارچه‌سازی هوش مصنوعی,45117569,Setting Up Your Ethical Hacking Environment,2024-08-04,Yes,58319497,,615,Article,2024-08-04
6109267,تسلط بر هک اخلاقی و یکپارچه‌سازی هوش مصنوعی,45117573,Linux Hands on,2024-08-04,Yes,58361869,introtolinux.mp4,2552,Video,2024-08-06
6109267,تسلط بر هک اخلاقی و یکپارچه‌سازی هوش مصنوعی,45117575,Networking Essentials,2024-08-04,Yes,58364869,,385,Article,2024-08-06
6109267,تسلط بر هک اخلاقی و یکپارچه‌سازی هوش مصنوعی,45117577,Overview of Operating System Security,2024-08-04,Yes,58365179,2 (1).mp4,212,Video,2024-08-06
6109267,تسلط بر هک اخلاقی و یکپارچه‌سازی هوش مصنوعی,45117583,Deep Dive into Penetration Testing,2024-08-04,Yes,58318827,1.4 (58).mp4,206,Video,2024-08-04
6109267,تسلط بر هک اخلاقی و یکپارچه‌سازی هوش مصنوعی,45117585,Strategies for Vulnerability Assessment,2024-08-04,Yes,58318849,1.4 (60).mp4,349,Video,2024-08-04
6109267,تسلط بر هک اخلاقی و یکپارچه‌سازی هوش مصنوعی,45117593,Role of AI in Enhancing Cybersecurity,2024-08-04,Yes,58318841,1.4 (59).mp4,374,Video,2024-08-04
6109267,تسلط بر هک اخلاقی و یکپارچه‌سازی هوش مصنوعی,45117597,Using Machine Learning for Threat Detection,2024-08-04,Yes,58360817,1.4 (17).mp4,408,Video,2024-08-06
6109267,تسلط بر هک اخلاقی و یکپارچه‌سازی هوش مصنوعی,45117599,Analysis,2024-08-04,Yes,58360837,1.4 (18).mp4,500,Video,2024-08-06
6109267,تسلط بر هک اخلاقی و یکپارچه‌سازی هوش مصنوعی,45117607,Revolutionizing Cybersecurity_ Machine Learning Tools for Ethical Hacking,2024-08-04,Yes,58361105,Revolutionizing Cybersecurity_ Machine Learning Tools for Ethical Hacking.mp4,315,Video,2024-08-06
6109267,تسلط بر هک اخلاقی و یکپارچه‌سازی هوش مصنوعی,45117611,Hackergpt,2024-08-04,Yes,58319595,Hackergpt(1)..mp4,98,Video,2024-08-04
6109267,تسلط بر هک اخلاقی و یکپارچه‌سازی هوش مصنوعی,45117615,BlackArch Linux,2024-08-04,Yes,58319591,blackarch.eng.mp4,208,Video,2024-08-04
6109267,تسلط بر هک اخلاقی و یکپارچه‌سازی هوش مصنوعی,45117619,Certifications in Cybersecurity,2024-08-04,Yes,58319531,,816,Article,2024-08-04
6109267,تسلط بر هک اخلاقی و یکپارچه‌سازی هوش مصنوعی,45117621,Building a Professional Network in Cybersecurity,2024-08-04,Yes,58361289,1.7.mp4,706,Video,2024-08-06
6109267,تسلط بر هک اخلاقی و یکپارچه‌سازی هوش مصنوعی,45117629,staying Updated with Emerging Technologies,2024-08-04,Yes,58361803,,562,Article,2024-08-06
6138191,Maestría en SIEM de Próxima Generación: Técnicas Avanzadas,45394927,Introducción a los SIEM de próxima generación,2024-08-20,Yes,58706019,1.6 (6).mp4,570,Video,2024-08-21
6138191,Maestría en SIEM de Próxima Generación: Técnicas Avanzadas,45394935,Configuración de su entorno SIEM,2024-08-20,Yes,58705205,1.5 (14).mp4,615,Video,2024-08-21
6138191,Maestría en SIEM de Próxima Generación: Técnicas Avanzadas,45394941,Monitoreo en tiempo real y alertas,2024-08-20,Yes,58705363,1.6 (2).mp4,516,Video,2024-08-21
6138191,Maestría en SIEM de Próxima Generación: Técnicas Avanzadas,45394943,Análisis avanzado y detección de amenazas,2024-08-20,Yes,58705365,1.4 (23).mp4,612,Video,2024-08-21
6138191,Maestría en SIEM de Próxima Generación: Técnicas Avanzadas,45394947,Respuesta y recuperación de incidentes,2024-08-20,Yes,58705383,1.5 (15).mp4,582,Video,2024-08-21
6138191,Maestría en SIEM de Próxima Generación: Técnicas Avanzadas,45394955,Integración y Automatización,2024-08-20,Yes,58705845,1.6 (3).mp4,509,Video,2024-08-21
6138191,Maestría en SIEM de Próxima Generación: Técnicas Avanzadas,45394957,Mantenimiento y escalado de soluciones SIEM,2024-08-20,Yes,58706089,1.5 (16).mp4,567,Video,2024-08-21
6138191,Maestría en SIEM de Próxima Generación: Técnicas Avanzadas,45452883,Los 10 mejores herramientas SIEM,2024-08-23,Yes,58759773,,1556,Article,2024-08-23
6138191,Maestría en SIEM de Próxima Generación: Técnicas Avanzadas,45453469,Elegir el SIEM adecuado,2024-08-23,Yes,58760261,1.4 (29).mp4,200,Video,2024-08-23
6138191,Maestría en SIEM de Próxima Generación: Técnicas Avanzadas,45394961,Tendencias futuras en la tecnología SIEM,2024-08-20,Yes,58706219,1.4 (24).mp4,542,Video,2024-08-21
6167985,Mastering Creative Writing with Generative AI,45674497,Lesson 1: What is Generative AI?,2024-09-05,Yes,59045725,ONE.mp4,155,Video,2024-09-05
6167985,Mastering Creative Writing with Generative AI,45674505,Lesson 2: Applications of Generative AI in Creative Writing,2024-09-05,Yes,59045299,Unlocking Creativity_ How Generative AI Can Transform Your Writing.mp4,255,Video,2024-09-05
6167985,Mastering Creative Writing with Generative AI,45674513,Lesson 1: Choosing the Right AI Tool,2024-09-05,Yes,59045305,Choosing the Right AI Tool for Creative Writing_ A Comprehensive Guide.mp4,273,Video,2024-09-05
6167985,Mastering Creative Writing with Generative AI,45674517,Lesson 2: Setting Up Your Workspace,2024-09-05,Yes,59045311,Ultimate Guide to Setting Up Your Creative Writing Workspace.mp4,314,Video,2024-09-05
6167985,Mastering Creative Writing with Generative AI,45674525,Lesson 1: Brainstorming with AI,2024-09-05,Yes,59045317,Unlock Your Creativity_ AI Tools for Brainstorming in Writing.mp4,243,Video,2024-09-05
6167985,Mastering Creative Writing with Generative AI,45674529,Lesson 2: Developing Storylines,2024-09-05,Yes,59045315,Unlocking Creativity_ How AI Can Transform Your Storytelling.mp4,239,Video,2024-09-05
6167985,Mastering Creative Writing with Generative AI,45674535,Lesson 1: Creating Characters with AI,2024-09-05,Yes,59045319,Unlocking Character Depth_ Using AI for Storytelling.mp4,245,Video,2024-09-05
6167985,Mastering Creative Writing with Generative AI,45674539,Lesson 2: Enhancing Character Depth,2024-09-05,Yes,59045347,Mastering Character Integration_ Elevate Your Storytelling with AI Tools.mp4,207,Video,2024-09-05
6167985,Mastering Creative Writing with Generative AI,45674549,Lesson 1: Co-Writing with AI,2024-09-05,Yes,59045521,Enhancing Dialogue in Storytelling_ Unlocking AI's Potential.mp4,269,Video,2024-09-05
6167985,Mastering Creative Writing with Generative AI,45674551,Lesson 2: Editing and Refining AI-Generated Text,2024-09-05,Yes,59045381,Mastering Manuscript Editing_ Harnessing AI Tools for Writers.mp4,267,Video,2024-09-05
6167985,Mastering Creative Writing with Generative AI,45674803,Harnessing AI for Market Feedback_ A Guide to Sentiment Analysis and Trends,2024-09-05,Yes,59045585,Harnessing AI for Market Feedback_ A Guide to Sentiment Analysis and Trends.mp4,251,Video,2024-09-05
6167985,Mastering Creative Writing with Generative AI,45674815,Harnessing AI for Market Prediction_ A Guide for Writers,2024-09-05,Yes,59045589,Harnessing AI for Market Prediction_ A Guide for Writers.mp4,267,Video,2024-09-05
6167985,Mastering Creative Writing with Generative AI,45674819,Unlocking AI_ Automate Your Content Creation Across Platforms,2024-09-05,Yes,59045605,Unlocking AI_ Automate Your Content Creation Across Platforms.mp4,272,Video,2024-09-05
6167985,Mastering Creative Writing with Generative AI,45674827,Harnessing AI for Adaptive Content Creation_ A Comprehensive Guide,2024-09-05,Yes,59045609,Harnessing AI for Adaptive Content Creation_ A Comprehensive Guide.mp4,275,Video,2024-09-05
6168529,Proyectos Adicionales e Ingresos Pasivos de 2025,45678021,Cómo Elegir el Trabajo Secundario Perfecto para Tu Estilo de Vida,2024-09-05,Yes,59050277,Cómo Elegir el Trabajo Secundario Perfecto para Tu Estilo de Vida.mp4,531,Video,2024-09-05
6168529,Proyectos Adicionales e Ingresos Pasivos de 2025,45678083,Cómo Evaluar Tu Potencial de Ingresos Pasivos y Activos a Través de Trabajos Sec,2024-09-05,Yes,59050265,Cómo Evaluar Tu Potencial de Ingresos Pasivos y Activos a Través de Trabajos Secundarios.mp4,339,Video,2024-09-05
6168529,Proyectos Adicionales e Ingresos Pasivos de 2025,45678099,Explorando la Economía Gig_ Oportunidades y Desafíos del Trabajo Freelance,2024-09-05,Yes,59050267,Explorando la Economía Gig_ Oportunidades y Desafíos del Trabajo Freelance.mp4,609,Video,2024-09-05
6168529,Proyectos Adicionales e Ingresos Pasivos de 2025,45678103,Descubre tu Nicho_ Clave para un Emprendimiento Exitoso,2024-09-05,Yes,59050269,Descubre tu Nicho_ Clave para un Emprendimiento Exitoso.mp4,554,Video,2024-09-05
6168529,Proyectos Adicionales e Ingresos Pasivos de 2025,45678111,Cómo Elegir el Nicho Perfecto para Tu Negocio Secundario,2024-09-05,Yes,59050275,Cómo Elegir el Nicho Perfecto para Tu Negocio Secundario.mp4,472,Video,2024-09-05
6168529,Proyectos Adicionales e Ingresos Pasivos de 2025,45678121,Cómo Realizar una Investigación de Mercado para Tu Negocio Secundario,2024-09-05,Yes,59050271,Cómo Realizar una Investigación de Mercado para Tu Negocio Secundario.mp4,579,Video,2024-09-05
6168529,Proyectos Adicionales e Ingresos Pasivos de 2025,45678125,Estrategias Avanzadas de Marketing para Potenciar tu Negocio Secundario.mp4,2024-09-05,Yes,59050279,Estrategias Avanzadas de Marketing para Potenciar tu Negocio Secundario.mp4,583,Video,2024-09-05
6168529,Proyectos Adicionales e Ingresos Pasivos de 2025,45678149,Conclusiones del Módulo 3_ Investigación de Mercado y Estrategia,2024-09-05,Yes,59050281,Conclusiones del Módulo 3_ Investigación de Mercado y Estrategia.mp4,242,Video,2024-09-05
6168529,Proyectos Adicionales e Ingresos Pasivos de 2025,45678131,Guía Completa para Implementar tu Plan de Negocios para un Emprendimiento,2024-09-05,Yes,59050273,Guía Completa para Implementar tu Plan de Negocios para un Emprendimiento.mp4,498,Video,2024-09-05
6168529,Proyectos Adicionales e Ingresos Pasivos de 2025,45678139,Fundamentos de la Investigación de Mercados_ Guía Completa,2024-09-05,Yes,59050283,Fundamentos de la Investigación de Mercados_ Guía Completa.mp4,540,Video,2024-09-05
6168529,Proyectos Adicionales e Ingresos Pasivos de 2025,45678169,123,2024-09-05,Yes,59050287,Domina tu Tiempo_ Estrategias de Gestión para Trabajos Secundarios.mp4,518,Video,2024-09-05
6168529,Proyectos Adicionales e Ingresos Pasivos de 2025,45678183,Conclusión del Módulo 5_ Lanza Tu Negocio Secundario con Éxito,2024-09-05,Yes,59050285,Conclusión del Módulo 5_ Lanza Tu Negocio Secundario con Éxito.mp4,212,Video,2024-09-05
6168529,Proyectos Adicionales e Ingresos Pasivos de 2025,45678201,Estrategias de Escalado Operativo y Gestión Financiera para el Crecimiento Empre,2024-09-05,Yes,59050291,Estrategias de Escalado Operativo y Gestión Financiera para el Crecimiento Empresarial.mp4,655,Video,2024-09-05
6168529,Proyectos Adicionales e Ingresos Pasivos de 2025,45678205,Cómo Medir el Éxito de Tu Negocio Secundario y Hacer Ajustes Estratégicos.mp4,2024-09-05,Yes,59050295,Cómo Medir el Éxito de Tu Negocio Secundario y Hacer Ajustes Estratégicos.mp4,517,Video,2024-09-05
6168529,Proyectos Adicionales e Ingresos Pasivos de 2025,45678215,Mejora tu Productividad_ Tecnología y Salud en el Trabajo,2024-09-05,Yes,59050293,Mejora tu Productividad_ Tecnología y Salud en el Trabajo.mp4,561,Video,2024-09-05
6168529,Proyectos Adicionales e Ingresos Pasivos de 2025,45678223,Conclusiones del Módulo 7_ Equilibrando Tu Trabajo Secundario.mp4,2024-09-05,Yes,59050289,Conclusiones del Módulo 7_ Equilibrando Tu Trabajo Secundario.mp4,237,Video,2024-09-05
6174729,Maîtriser l'Écriture Créative avec l'IA Générative,45738351,Leçon 1 : Qu'est-ce que l'IA Générative ?,2024-09-09,Yes,59121717,ONEfr.mp4,149,Video,2024-09-09
6174729,Maîtriser l'Écriture Créative avec l'IA Générative,45738411,Leçon 2 : Applications de l'IA Générative dans l'Écriture Créative,2024-09-09,Yes,59121747,TWOfr.mp4,251,Video,2024-09-09
6174729,Maîtriser l'Écriture Créative avec l'IA Générative,45738425,Leçon 1 : Choisir le Bon Outil d'IA,2024-09-09,Yes,59121729,THREEfr.mp4,270,Video,2024-09-09
6174729,Maîtriser l'Écriture Créative avec l'IA Générative,45738433,Leçon 2 : Aménager Votre Espace de Travail,2024-09-09,Yes,59121733,FOURfr.mp4,311,Video,2024-09-09
6174729,Maîtriser l'Écriture Créative avec l'IA Générative,45738443,Leçon 1 : Faire du Brainstorming avec l'IA,2024-09-09,Yes,59121723,FIVEfr.mp4,239,Video,2024-09-09
6174729,Maîtriser l'Écriture Créative avec l'IA Générative,45738455,Leçon 2 : Développer des Intrigues,2024-09-09,Yes,59121721,SIXfr.mp4,242,Video,2024-09-09
6174729,Maîtriser l'Écriture Créative avec l'IA Générative,45738463,Leçon 1 : Créer des Personnages avec l'IA,2024-09-09,Yes,59121727,SEVENfr.mp4,242,Video,2024-09-09
6174729,Maîtriser l'Écriture Créative avec l'IA Générative,45738471,Leçon 2 : Approfondir les Personnages,2024-09-09,Yes,59121719,EIGHTfr.mp4,209,Video,2024-09-09
6174729,Maîtriser l'Écriture Créative avec l'IA Générative,45738481,Leçon 1 : Coécrire avec l'IA,2024-09-09,Yes,59121725,NINEfr.mp4,265,Video,2024-09-09
6174729,Maîtriser l'Écriture Créative avec l'IA Générative,45738489,Leçon 2 : Éditer et Affiner les Textes Générés par l'IA,2024-09-09,Yes,59122437,10fr.mp4,263,Video,2024-09-09
6174729,Maîtriser l'Écriture Créative avec l'IA Générative,45739013,Exploiter l'IA pour les Retours du Marché : Guide de l'Analyse des Sentiments et,2024-09-09,Yes,59121731,ELEVENfr.mp4,263,Video,2024-09-09
6174729,Maîtriser l'Écriture Créative avec l'IA Générative,45739019,Exploiter l'IA pour la Prédiction du Marché : Guide pour les Écrivains,2024-09-09,Yes,59122213,12fr.mp4,270,Video,2024-09-09
6174729,Maîtriser l'Écriture Créative avec l'IA Générative,45739027,Déverrouiller l'IA : Automatisez Votre Création de Contenu sur Plusieurs Platefo,2024-09-09,Yes,59122215,13fr.mp4,270,Video,2024-09-09
6174729,Maîtriser l'Écriture Créative avec l'IA Générative,45739037,Exploiter l'IA pour la Création de Contenu Adaptatif : Un Guide Complet,2024-09-09,Yes,59122637,14fr.mp4,270,Video,2024-09-09
6176709,Domina la Escritura Creativa con IA Generativa,45760553,Lección 1: ¿Qué es la IA Generativa?,2024-09-10,Yes,59180259,2.mp4,150,Video,2024-09-11
6176709,Domina la Escritura Creativa con IA Generativa,45760599,Lección 2: Aplicaciones de la IA Generativa en la Escritura Creativa,2024-09-10,Yes,59172551,2ES.mp4,270,Video,2024-09-11
6176709,Domina la Escritura Creativa con IA Generativa,45760621,Lección 1: Elegir la Herramienta de IA Correcta,2024-09-10,Yes,59172569,3ES.mp4,310,Video,2024-09-11
6176709,Domina la Escritura Creativa con IA Generativa,45760633,Lección 2: Configuración de tu Espacio de Trabajo,2024-09-10,Yes,59172567,4ES.mp4,251,Video,2024-09-11
6176709,Domina la Escritura Creativa con IA Generativa,45760659,Lección 1: Lluvia de Ideas con IA,2024-09-10,Yes,59172565,5ES.mp4,239,Video,2024-09-11
6176709,Domina la Escritura Creativa con IA Generativa,45760673,Lección 2: Desarrollo de Tramas,2024-09-10,Yes,59175653,6ES.mp4,295,Video,2024-09-11
6176709,Domina la Escritura Creativa con IA Generativa,45760687,Lección 1: Creación de Personajes con IA,2024-09-10,Yes,59175475,7ES.mp4,271,Video,2024-09-11
6176709,Domina la Escritura Creativa con IA Generativa,45760693,Lección 2: Mejora de la Profundidad de los Personajes,2024-09-10,Yes,59175479,8ES.mp4,259,Video,2024-09-11
6176709,Domina la Escritura Creativa con IA Generativa,45760705,Lección 1: Co-escritura con IA,2024-09-10,Yes,59179551,9ES.mp4,311,Video,2024-09-11
6176709,Domina la Escritura Creativa con IA Generativa,45760709,Lección 2: Edición y Refinamiento de Texto Generado por IA,2024-09-10,Yes,59179553,10ES-1.mp4,286,Video,2024-09-11
6176709,Domina la Escritura Creativa con IA Generativa,45760721,Aprovechando la IA para la Retroalimentación del Mercado: Una Guía de Análisis d,2024-09-10,Yes,59179669,11ES.mp4,286,Video,2024-09-11
6176709,Domina la Escritura Creativa con IA Generativa,45760725,Aprovechando la IA para la Predicción del Mercado: Una Guía para Escritores,2024-09-10,Yes,59179831,12realES.mp4,301,Video,2024-09-11
6176709,Domina la Escritura Creativa con IA Generativa,45760735,Desbloqueando la IA: Automatiza la Creación de Contenido en Múltiples Plataforma,2024-09-10,Yes,59179787,12ES.mp4,278,Video,2024-09-11
6176709,Domina la Escritura Creativa con IA Generativa,45760743,Aprovechando la IA para la Creación de Contenido Adaptativo: Una Guía Completa,2024-09-10,Yes,59179709,14ES.mp4,311,Video,2024-09-11
6205771,Introducción a la Defensa de Redes Informáticas,46035513,Introduction,2024-09-26,Yes,59523215,CNDfinal.mp4,672,Video,2024-09-27
6205771,Introducción a la Defensa de Redes Informáticas,46035541,¿Qué es el Protocolo de Internet?,2024-09-26,Yes,59508725,IP.mp4,464,Video,2024-09-26
6205771,Introducción a la Defensa de Redes Informáticas,46035563,TCP IP,2024-09-26,Yes,59508701,TCPIP.mp4,424,Video,2024-09-26
6205771,Introducción a la Defensa de Redes Informáticas,46037419,TCP IP 2,2024-09-26,Yes,59511571,tcpIP2.mp4,738,Video,2024-09-26
6205771,Introducción a la Defensa de Redes Informáticas,46035553,IPv6,2024-09-26,Yes,59508699,IPV6.mp4,320,Video,2024-09-26
6205771,Introducción a la Defensa de Redes Informáticas,46035529,OSI,2024-09-26,Yes,59508669,OSI.DOS.mp4,326,Video,2024-09-26
6205771,Introducción a la Defensa de Redes Informáticas,46035565,LAN,2024-09-26,Yes,59508681,LAN.mp4,207,Video,2024-09-26
6340409,Prospérer avec l’activité secondaire et les revenus passifs,47479945,Qu'est-ce qu'un Side Hustle ? + Types de Side Hustles,2024-12-14,Yes,61414103,one.mp4,770,Video,2024-12-14
6340409,Prospérer avec l’activité secondaire et les revenus passifs,47479957,Évaluer votre Potentiel pour des Revenus Passifs vs. Actifs + L'Économie des Gig,2024-12-14,Yes,61413291,two.mp4,590,Video,2024-12-14
6340409,Prospérer avec l’activité secondaire et les revenus passifs,47479965,L'Essor des Revenus Passifs + Choisir le Bon Side Hustle pour Vous,2024-12-14,Yes,61413287,three.mp4,560,Video,2024-12-14
6340409,Prospérer avec l’activité secondaire et les revenus passifs,47479975,Conclusion du Module : Naviguer dans Votre Parcours de Side Hustle,2024-12-14,Yes,61413275,four.mp4,226,Video,2024-12-14
6340409,Prospérer avec l’activité secondaire et les revenus passifs,47479981,Comprendre les Niches + Identifier Vos Compétences et Passions,2024-12-14,Yes,61413449,m2.1.mp4,512,Video,2024-12-14
6340409,Prospérer avec l’activité secondaire et les revenus passifs,47480089,Recherche de la Demande du Marché + Évaluation de la Rentabilité,2024-12-14,Yes,61413419,m2.2.mp4,1077,Video,2024-12-14
6340409,Prospérer avec l’activité secondaire et les revenus passifs,47480117,Choisir Votre Niche +  Conclusion du Module 2 : Identifier Votre Niche,2024-12-14,Yes,61413481,five.mp4,449,Video,2024-12-14
6340409,Prospérer avec l’activité secondaire et les revenus passifs,47480133,Les Fondamentaux de la Recherche de Marché + Analyser Votre Marché Cible,2024-12-14,Yes,61413485,six.mp4,992,Video,2024-12-14
6340409,Prospérer avec l’activité secondaire et les revenus passifs,47480149,Analyse Concurrentielle + Développer une Stratégie Marketing,2024-12-14,Yes,61461059,nine.mp4,635,Video,2024-12-16
6340409,Prospérer avec l’activité secondaire et les revenus passifs,47480157,Conclusion du Module 3 : Étude de Marché et Stratégie,2024-12-14,Yes,61461273,ten.mp4,264,Video,2024-12-16
6340409,Prospérer avec l’activité secondaire et les revenus passifs,47480179,Composants d'un Plan d'Affaires +,2024-12-14,Yes,61461567,eleven.mp4,537,Video,2024-12-16
6340409,Prospérer avec l’activité secondaire et les revenus passifs,47514157,Comment Rédiger un Plan d'Affaires Complet _ Guide Pratique,2024-12-16,Yes,61461723,WebHD_720p (38).mp4,626,Video,2024-12-16
6781073,Free resources for All,52049041,Ultralearning: Mastering Hard Skills,2025-08-18,Yes,67521639,"Ultralearning__Master_Hard_Skills,_Fast_.mp4",456,Video,2025-08-19
6781073,Free resources for All,52049061,Psycho-Cybernetics: Self-Image and Success,2025-08-18,Yes,67521647,Psycho-Cybernetics__Unlock_Your_Success_Mechanism.mp4,431,Video,2025-08-19
6781073,Free resources for All,52049489,Degrees vs. Certifications: The Shifting Value of Education,2025-08-19,Yes,67522391,The_Great_Debate__Is_a_College_Degree_Still_Worth_It_.mp4,435,Video,2025-08-19
6781073,Free resources for All,52049951,Rebuilding Yourself: The Power of Self-Discipline,2025-08-19,Yes,67522805,The_Architect_s_Blueprint_for_Self-Mastery.mp4,469,Video,2025-08-19
6781073,Free resources for All,52049953,Top 10 Technologies to Learn,2025-08-19,Yes,67522817,The_Top_Tech_Skills_You_Need_for_2025.mp4,350,Video,2025-08-19
6781073,Free resources for All,52105733,Carrer Currency Certifications,2025-08-22,Yes,67594863,The_New_Career_Currency__Certifications_in_2025.mp4,457,Video,2025-08-22
6781073,Free resources for All,52106031,Cultivating Essential Life and Career Skills,2025-08-22,Yes,67595193,The_Modern_Skills_Playbook.mp4,372,Video,2025-08-22
6781073,Free resources for All,52106139,Developer Roadmaps and Learning Paths,2025-08-22,Yes,67595535,roadmap.mp4,381,Video,2025-08-22
6781073,Free resources for All,52129543,Effective Learning Strategies and Skill Acquisition,2025-08-23,Yes,67627067,How_to_Actually_Learn.mp4,400,Video,2025-08-23
6781073,Free resources for All,52140351,Career Hacks from Reddit conversations,2025-08-24,Yes,67640207,Career_Hacks_From_The_Internet.mp4,344,Video,2025-08-24
6781073,Free resources for All,52280415,CPD,2025-09-01,Yes,67840687,Demystifying_CPD.mp4,341,Video,2025-09-01
6781073,Free resources for All,52316977,Business Lessons: The Entrepreneur's Playbook,2025-09-03,Yes,67887841,The_Entrepreneur_s_Playbook.mp4,460,Video,2025-09-03
